Workbook

Sheet DashBoard
A1: Distributor | B1: BAUKO (213SPA)
A3: Rótulos de Linha | B3: Contagem de Code
A4: 714 - Arm | B4: 69
A5: 716 - Bucket | B5: 20
A6: A1T - Muffler | B6: 18
A7: H17 - Arm Cylinder | B7: 14
A8: 551 - Operator's Cab | B8: 9
A9: 450 - A/C | B9: 7
A10: 984 - Acessory / Others | B10: 7
A11: RX0 - Control valve | B11: 6
A12: D00 - Electric system | B12: 6
A13: 711 - Boom | B13: 6
A14: 301 - Track frame | B14: 5
A15: 6A0 - Hydraulic piping | B15: 4
... A28: A90 - Turbocharger | B28: 1
A29: (vazio)
A30: Total Geral | B30: 196

Sheet DB Description
A1: DB Code | B1: DB Nome
A2: 213I | B2: Mason
A3: 213PAE | B3: Mason
A4: 213SPA | B4: Bauko
A5: 213SPB | B5: Bauko
A6: 213SPC | B6: Bauko
A7: 213ESD | B7: Bauko
A8: 213GOC | B8: DCCO
A9: 2131D | B9: Noroeste
A10: 213BAB | B10: FW
A11: 213PEA | B11: FW
A12: 213CEB | B12: DCDN
... A19: 213ESC | B19: Florest
A20: 9447 | B20: CTK
A21: 213RSB | B21: MANTOMAC-CHA (213SCA)
A22: 213SCB | B22: MANTOMAC-CHA (213SCA)
A23: 213RSC | B23: VAMOS (2131F)

Sheet KBI (All) - SORT
A1: Report ID | B1: Title | C1: Full Model | D1: Serial Number | E1: CodeComponent | F1: Failure | G1: Additional Failure Description | H1: Parent Case | I1: Failure SMR | J1: Active Stage | K1: Failure2 | L1: Machine | M1: Machine2 | N1: Delivery | O1: Failed Part Number | P1: Failed Part Name | Q1: Component Name | R1: Phenomenon Name | S1: Plant | T1: Current Queue | U1: Status Reason | V1: Created | W1: Distributor | X1: Subsidiary | Y1: Issue2 | Z1: Additional Notes(Request) | AA1: Distributor Contact | AB1: Filial DB code | AC1: Filial DB NAME | AD1: LT DB | AE1: FY | AF1: YEAR
A2: KBISC202205531 | B2: PC130LC-10M0, CAB ASS'Y GROUP, RETROVISOR, WRONG/MISSING PART, SEM O ESPELHO RETROVISOR | C2: PC130LC-10M0 | D2: B20013 | E2: 551 - Operator's Cab | F2: Glass | G2: SEM O ESPELHO RETROVISOR | I2: 4 | J2: Sub.Received | K2: 44655 | M2: 44641 | O2: 2A5-54-13421 | P2: RETROVISOR | Q2: CAB ASS'Y GROUP | R2: WRONG/MISSING PART | S2: KDB (Plant) (51) | T2: KBI - Construction Service | U2: In Process | V2: 44683 | W2: MANTOMAC-CHA (213SCA) | X2: KBI (9447) | Y2: 44683 | Z2: EQUIPAMENTO NOVO. | AA2: Luciana Lumbieri | AB2: 213RSB | AC2: =INDEX('DB Description'!$A$1:$B$23,MATCH(Tabela2[[#This Row],[Filial DB code]],'DB Description'!A:A,),2) -> MANTOMAC-CHA (213SCA) | AD2: =Tabela2[[#This Row],[Issue2]]-Tabela2[[#This Row],[Failure2]] -> 28 | AE2: ="FY"&IF(MONTH(Y2)>=4,YEAR(Y2),YEAR(Y2)-1) -> FY2022 | AF2: =YEAR(Tabela2[[#This Row],[Issue2]]) -> 2022
A3: KBIPR202205527 | B3: PC130LC-10M0, OTHERS, WEIGHT, DEFECTIVE APPEARANCE, FALHA NA PINTURA E DESALINHAMENTO DO CON | C3: PC130LC-10M0 | D3: B20003 | E3: 000 - Machine | F3: Painting | G3: FALHA NA PINTURA E DESALINHAMENTO DO CON | I3: 29.7 | J3: Plant.QA Approved | K3: 44659 | M3: 44620 | N3: 44659 | O3: 204-46-B1010 | P3: WEIGHT | Q3: OTHERS | R3: DEFECTIVE APPEARANCE | S3: KDB (Plant) (51) | T3: KDB - Quality Assurance | U3: In Process | V3: 44684 | W3: VIANMAQ (213PRB) | X3: KBI (9447) | Y3: 44684 | Z3: CLIENTE POSSUI 3 MÁQUINAS. | AA3: Eduardo Lima | AB3: 213PRB | AC3: =INDEX('DB Description'!$A$1:$B$23,MATCH(Tabela2[[#This Row],[Filial DB code]],'DB Description'!A:A,),2) -> Vianmaq | AD3: =Tabela2[[#This Row],[Issue2]]-Tabela2[[#This Row],[Failure2]] -> 25 | AE3: ="FY"&IF(MONTH(Y3)>=4,YEAR(Y3),YEAR(Y3)-1) -> FY2022 | AF3: =YEAR(Tabela2[[#This Row],[Issue2]]) -> 2022
A4: KBIPE202205504 | B4: PC130LC-10M0, AIR SYSTEM, Caatiba, BA, WRONG/MISSING PART, Falta retencao de particulado | C4: PC130LC-10M0 | D4: B20014 | E4: 6A0 - Hydraulic piping | F4: Hose leak | G4: Falta retencao de particulado | I4: 8 | J4: Plant.QA Approved | K4: 44679 | M4: 44643 | O4: 204-03-71411 | P4: Caatiba, BA | Q4: AIR SYSTEM | R4: WRONG/MISSING PART | S4: KDB (Plant) (51) | T4: KDB - Quality Assurance | U4: In Process | V4: 44683 | W4: F.W.MAQUINAS (213PEA) | X4: KBI (9447) | Y4: 44719 | Z4: Equipamento chegou de fabrica sem o item especificado, provavelmente sobrou na hora da montagem, gentileza averiguar internamente o motivo da falta | AA4: Marcos Santos | AB4: 213BAB | AC4: =INDEX('DB Description'!$A$1:$B$23,MATCH(Tabela2[[#This Row],[Filial DB code]],'DB Description'!A:A,),2) -> FW | AD4: =Tabela2[[#This Row],[Issue2]]-Tabela2[[#This Row],[Failure2]] -> 40 | AE4: ="FY"&IF(MONTH(Y4)>=4,YEAR(Y4),YEAR(Y4)-1) -> FY2022 | AF4: =YEAR(Tabela2[[#This Row],[Issue2]]) -> 2022
A5: KBISC202206572 | B5: PC130LC-10M0, MACHINE, ., DEFECTIVE APPEARANCE, EQUIPAMENTO COM VARIOS DEFEITOS ESTETICO | C5: PC130LC-10M0 | D5: B20059 | E5: 000 - Machine | F5: Painting | G5: EQUIPAMENTO COM VARIOS DEFEITOS ESTETICO | I5: 5 | J5: Closed | K5: 44705 | L5: 44706 | M5: 44692 | O5: . | P5: . | Q5: MACHINE | R5: DEFECTIVE APPEARANCE | S5: KDB (Plant) (51) | U5: Completed | V5: 44733 | W5: MANTOMAC-CHA (213SCA) | X5: KBI (9447) | Y5: 44733 | Z5: Por fim, graças ao trabalho do Distribuidor para corrigir as falhas aparentes no recebimento do equipamento novo, o cliente final recebeu seu equipamento e por enquanto não houve reclamações sobre os problemas acima mencionados. Porém o equipamento atrasou em 2 dias ser entregue ao cliente devido os reparos que foram necessários serem executados. | AA5: Jonatas Kammer | AB5: 213SCB | AC5: =INDEX('DB Description'!$A$1:$B$23,MATCH(Tabela2[[#This Row],[Filial DB code]],'DB Description'!A:A,),2) -> MANTOMAC-CHA (213SCA) | AD5: =Tabela2[[#This Row],[Issue2]]-Tabela2[[#This Row],[Failure2]] -> 28 | AE5: ="FY"&IF(MONTH(Y5)>=4,YEAR(Y5),YEAR(Y5)-1) -> FY2022 | AF5: =YEAR(Tabela2[[#This Row],[Issue2]]) -> 2022
A6: KBISC202206578 | B6: PC130LC-10M0, MACHINE, 0, DEFECTIVE APPEARANCE, EQUIPAMENTO COM VARIOS DEFEITOS NA ESTET | C6: PC130LC-10M0 | D6: B20056 | E6: 000 - Machine | F6: Painting | G6: EQUIPAMENTO COM VARIOS DEFEITOS NA ESTET | I6: 4 | J6: Closed | K6: 44706 | L6: 44707 | M6: 44683 | N6: 44713 | O6: 0 | P6: 0 | Q6: MACHINE | R6: DEFECTIVE APPEARANCE | S6: KDB (Plant) (51) | U6: Completed | V6: 44734 | W6: MANTOMAC-CHA (213SCA) | X6: KBI (9447) | Y6: 44734 | Z6: Após os ajustes acima mencionados, o equipamento ficou em boas condições para ser entregue ao cliente final, que não reclamou de nada que referente aos defeitos encontrados e acima mencionados. Devido aos reparos que necessitaram correção, o equipamento foi entregue ao cliente final com 1 dia de atraso perante o combinado. | AA6: Jonatas Kammer | AB6: 213SCB | AC6: =INDEX('DB Description'!$A$1:$B$23,MATCH(Tabela2[[#This Row],[Filial DB code]],'DB Description'!A:A,),2) -> MANTOMAC-CHA (213SCA) | AD6: =Tabela2[[#This Row],[Issue2]]-Tabela2[[#This Row],[Failure2]] -> 28 | AE6: ="FY"&IF(MONTH(Y6)>=4,YEAR(Y6),YEAR(Y6)-1) -> FY2022 | AF6: =YEAR(Tabela2[[#This Row],[Issue2]]) -> 2022
A7: KBIMB202207553 | B7: PC130LC-10M0, HYDRAULIC CONTROL VALVE, ORING, ENTER/LEAKS, Vazamento de óleo na mangueira do SwiveL | C7: PC130LC-10M0 | D7: B20049 | E7: 6A0 - Hydraulic piping | F7: Hose leak | G7: Vazamento de óleo na mangueira do SwiveL | I7: 13 | J7: Plant.Confirmed | K7: 44751 | L7: 44753 | M7: 44673 | O7: 02896-11015 | P7: ORING | Q7: HYDRAULIC CONTROL VALVE | R7: ENTER/LEAKS | S7: KDB (Plant) (51) | T7: KDB - Quality Assurance | U7: In Process | V7: 44756 | W7: Mason (213I) | X7: KBI (9447) | Y7: 44767 | Z7: Equipamento veio de fábrica com as conexões da mangueiras do Swivel lado esquerdo frouxas. Efetuamos o atendimento, resolvendo o problema. | AA7: Higor Alves | AB7: 213MGC | AC7: =INDEX('DB Description'!$A$1:$B$23,MATCH(Tabela2[[#This Row],[Filial DB code]],'DB Description'!A:A,),2) -> Mason | AD7: =Tabela2[[#This Row],[Issue2]]-Tabela2[[#This Row],[Failure2]] -> 16 | AE7: ="FY"&IF(MONTH(Y7)>=4,YEAR(Y7),YEAR(Y7)-1) -> FY2022 | AF7: =YEAR(Tabela2[[#This Row],[Issue2]]) -> 2022
A8: KBI9A202207556 | B8: PC130LC-10M0, HYDRAULIC CYLINDER, Cilindro do Braço, ENTER/LEAKS, B20036 | C8: PC130LC-10M0 | D8: B20036 | E8: H17 - Arm Cylinder | F8: Vazamento cilindro do braço | G8: B20036 | I8: 438 | J8: Plant.QA Approved | K8: 44767 | M8: 44662 | N8: 44701 | O8: 707-G1-X7160 | P8: Cilindro do Braço | Q8: HYDRAULIC CYLINDER | R8: ENTER/LEAKS | S8: KDB (Plant) (51) | T8: KDB - Quality Assurance | U8: In Process | V8: 44768 | W8: DCCO (213GOC) | X8: KBI (9447) | Y8: 44768 | Z8: Essa é a primeira falha ocorrida em nossa região neste modelo de equipamento. A princípio não há evidências de mau uso que possam ter ocasionado na falha identificada pelo cliente. | AA8: Pedro Vaz | AB8: 213GOC | AC8: =INDEX('DB Description'!$A$1:$B$23,MATCH(Tabela2[[#This Row],[Filial DB code]],'DB Description'!A:A,),2) -> DCCO | AD8: =Tabela2[[#This Row],[Issue2]]-Tabela2[[#This Row],[Failure2]] -> 1 | AE8: ="FY"&IF(MONTH(Y8)>=4,YEAR(Y8),YEAR(Y8)-1) -> FY2022 | AF8: =YEAR(Tabela2[[#This Row],[Issue2]]) -> 2022
A9: KBISP202208580 | B9: PC130LC-10M0, ENGINE ASSY, muffler, DEFECTIVE APPEARANCE, | C9: PC130LC-10M0 | D9: B20033 | E9: A1T - Muffler | F9: Abnormal noise on muffler (before countermeasure) | G9: =Tabela2[[#This Row],[Failed Part Name]] -> muffler | I9: 251 | J9: Closed | K9: 44768 | L9: 44768 | M9: 44650 | N9: 44670 | O9: 6271-11-5230 | P9: muffler | Q9: ENGINE ASSY | R9: DEFECTIVE APPEARANCE | S9: KDB (Plant) (51) | U9: Completed | V9: 44784 | W9: BAUKO (213SPA) | X9: KBI (9447) | Y9: 44784 | Z9: MAQUINA PERTENCE A BAUKO MAQUINAS (RENTAL) AO FAZER A INSPEÇÃO DE 250 HORAS PARA LIBERAÇÃO PARA NO CLIENTE FOI CONSTATADO O RUIDO ORIUNDO DO SILENCIOSO SEMELHANTE AO OCORRIDO NAS PC130-8, MAQUINA ATUALMENTE ESTA ALUGADA PARA O CLIENTE HANS JOSEFE. | AA9: Gabriel Augusto | AB9: 213ESD | AC9: =INDEX('DB Description'!$A$1:$B$23,MATCH(Tabela2[[#This Row],[Filial DB code]],'DB Description'!A:A,),2) -> Bauko | AD9: =Tabela2[[#This Row],[Issue2]]-Tabela2[[#This Row],[Failure2]] -> 16 | AE9: ="FY"&IF(MONTH(Y9)>=4,YEAR(Y9),YEAR(Y9)-1) -> FY2022 | AF9: =YEAR(Tabela2[[#This Row],[Issue2]]) -> 2022
A10: KBI1D202208515 | B10: PC130LC-10M0, BUCKET(H/E BACKHOE), Dente de Aço, BROKEN, | C10: PC130LC-10M0 | D10: B20040 | E10: 716 - Bucket | F10: Bucket clearance | G10: =Tabela2[[#This Row],[Failed Part Name]] -> Dente de Aço | I10: 117 | J10: Sub.Submitted | K10: 44729 | L10: 44790 | M10: 44662 | O10: KH20S | P10: Dente de Aço | Q10: BUCKET(H/E BACKHOE) | R10: BROKEN | S10: KDB (Plant) (51) | T10: <Guilherme Augusto Macedo> | U10: In Process | V10: 44791 | W10: NOROESTE (2131D) | X10: KBI (9447) | Y10: 44791 | Z10: Primeiro equipamento PC130, vendido na regiao norte. | AA10: Bruno Rocha | AB10: 2131D | AC10: =INDEX('DB Description'!$A$1:$B$23,MATCH(Tabela2[[#This Row],[Filial DB code]],'DB Description'!A:A,),2) -> Noroeste | AD10: =Tabela2[[#This Row],[Issue2]]-Tabela2[[#This Row],[Failure2]] -> 62 | AE10: ="FY"&IF(MONTH(Y10)>=4,YEAR(Y10),YEAR(Y10)-1) -> FY2022 | AF10: =YEAR(Tabela2[[#This Row],[Issue2]]) -> 2022
A11: KBISC202208629 | B11: PC130LC-10M0, FUEL TANK GROUP, FILTRO SEPARADOR, ENTER/LEAKS, TRINCA NO FILTRO SEPARADOR DO DIESEL | C11: PC130LC-10M0 | D11: B20056 | E11: 602 - Hydraulic filter | G11: TRINCA NO FILTRO SEPARADOR DO DIESEL | I11: 66 | J11: Plant.Confirmed | K11: 44740 | L11: 44804 | M11: 44683 | N11: 44713 | O11: 600-311-9921 | P11: FILTRO SEPARADOR | Q11: FUEL TANK GROUP | R11: ENTER/LEAKS | S11: KDB (Plant) (51) | T11: KDB - Quality Assurance | U11: In Process | V11: 44804 | W11: MANTOMAC-CHA (213SCA) | X11: KBI (9447) | Y11: 44804 | AA11: Jonatas Kammer | AB11: 213SCB | AC11: =INDEX('DB Description'!$A$1:$B$23,MATCH(Tabela2[[#This Row],[Filial DB code]],'DB Description'!A:A,),2) -> MANTOMAC-CHA (213SCA) | AD11: =Tabela2[[#This Row],[Issue2]]-Tabela2[[#This Row],[Failure2]] -> 64 | AE11: ="FY"&IF(MONTH(Y11)>=4,YEAR(Y11),YEAR(Y11)-1) -> FY2022 | AF11: =YEAR(Tabela2[[#This Row],[Issue2]]) -> 2022
A12: KBISP202209501 | B12: PC130LC-10M0, RADIATOR GROUP, NA, HIGH/LOW LEVEL, | C12: PC130LC-10M0 | D12: B20095 | E12: 551 - Operator's Cab | F12: Glass | G12: =Tabela2[[#This Row],[Failed Part Name]] -> NA | I12: 70 | J12: Plant.Confirmed | K12: 44789 | L12: 44802 | M12: 44734 | N12: 44776 | O12: NA | P12: NA | Q12: RADIATOR GROUP | R12: HIGH/LOW LEVEL | S12: KDB (Plant) (51) | T12: KDB - Quality Assurance | U12: In Process | V12: 44805 | W12: BAUKO (213SPA) | X12: KBI (9447) | Y12: 44805 | Z12: CASO RETOME O VAZAMENTO, ENTRAR EM CONTATO COM A BAUKO. FOI REAPERTADO TODAS AS PRESILHAS DA LINHA DE ARREFECIMENTO, COMPLETADO O LIQUIDO ARREFECIMENTO E O EQUIPAMENTO VOLTOU A OPERAR SEM VAZAMENTOS. | AA12: Rafaella Ribeiro | AB12: 213SPC | AC12: =INDEX('DB Description'!$A$1:$B$23,MATCH(Tabela2[[#This Row],[Filial DB code]],'DB Description'!A:A,),2) -> Bauko | AD12: =Tabela2[[#This Row],[Issue2]]-Tabela2[[#This Row],[Failure2]] -> 16 | AE12: ="FY"&IF(MONTH(Y12)>=4,YEAR(Y12),YEAR(Y12)-1) -> FY2022 | AF12: =YEAR(Tabela2[[#This Row],[Issue2]]) -> 2022
A13: KBISC202209502 | B13: PC130LC-10M0, RADIATOR GROUP, NET, MALFUNCTION, FALTA DA TELA DE PROTEÇAO DOS RADIADORES | C13: PC130LC-10M0 | D13: B20013 | E13: 301 - Track frame | F13: Missing part | G13: FALTA DA TELA DE PROTEÇAO DOS RADIADORES | I13: 468 | J13: Plant.Confirmed | K13: 44799 | M13: 44641 | N13: 44663 | O13: 204-03-71411 | P13: NET | Q13: RADIATOR GROUP | R13: MALFUNCTION | S13: KDB (Plant) (51) | T13: KDB - Quality Assurance | U13: In Process | V13: 44810 | W13: MANTOMAC-CHA (213SCA) | X13: KBI (9447) | Y13: 44810 | Z13: EQUIPAMENTO NOVO COM AS MANUTENÇOES EM DIA. | AA13: Luciana Lumbieri | AB13: 213RSB | AC13: =INDEX('DB Description'!$A$1:$B$23,MATCH(Tabela2[[#This Row],[Filial DB code]],'DB Description'!A:A,),2) -> MANTOMAC-CHA (213SCA) | AD13: =Tabela2[[#This Row],[Issue2]]-Tabela2[[#This Row],[Failure2]] -> 11 | AE13: ="FY"&IF(MONTH(Y13)>=4,YEAR(Y13),YEAR(Y13)-1) -> FY2022 | AF13: =YEAR(Tabela2[[#This Row],[Issue2]]) -> 2022
A14: KBISP202209505 | B14: PC130LC-10M0, ACCESSORY & PARTS, Cover, WRONG/MISSING PART, | C14: PC130LC-10M0 | D14: B20089 | E14: 716 - Bucket | F14: Bucket clearance | G14: =Tabela2[[#This Row],[Failed Part Name]] -> Cover | I14: 5 | J14: Plant.Confirmed | K14: 44781 | L14: 44803 | M14: 44733 | O14: 203-46-56160 | P14: Cover | Q14: ACCESSORY & PARTS | R14: WRONG/MISSING PART | S14: KDB (Plant) (51) | T14: KDB - Quality Assurance | U14: In Process | V14: 44813 | W14: BAUKO (213SPA) | X14: KBI (9447) | Y14: 44813 | AA14: Luis Siqueira | AB14: 213SPA | AC14: =INDEX('DB Description'!$A$1:$B$23,MATCH(Tabela2[[#This Row],[Filial DB code]],'DB Description'!A:A,),2) -> Bauko | AD14: =Tabela2[[#This Row],[Issue2]]-Tabela2[[#This Row],[Failure2]] -> 32 | AE14: ="FY"&IF(MONTH(Y14)>=4,YEAR(Y14),YEAR(Y14)-1) -> FY2022 | AF14: =YEAR(Tabela2[[#This Row],[Issue2]]) -> 2022
A15: KBISC202209504 | B15: PC130LC-10M0, AIR CONDITIONER, SUPORTE CONDENSADOR, BROKEN, QUEBRA DO SUPORTE DO CONDENSADOR | C15: PC130LC-10M0 | D15: B20051 | E15: 450 - A/C | F15: Condensor support crack | G15: QUEBRA DO SUPORTE DO CONDENSADOR | I15: 568 | J15: Plant.Confirmed | K15: 44813 | M15: 44677 | N15: 44694 | O15: 204-03-72111 | P15: SUPORTE CONDENSADOR | Q15: AIR CONDITIONER | R15: BROKEN | S15: KDB (Plant) (51) | T15: KDB - Quality Assurance | U15: In Process | V15: 44816 | W15: MANTOMAC-CHA (213SCA) | X15: KBI (9447) | Y15: 44816 | Z15: Obs: Já foi notado em todos os equipamentos recebidos novos na Mantomac deste modelo (PC130LC-10M0) que este suporte do condensador possui folga nas dobradiças, e com o trabalhar do equipamento há o balançar/trepidar de toda a estrutura (suporte do condensador e condensador). Necessário avaliar internamente. | AA15: Jonatas Kammer | AB15: 213SCB | AC15: =INDEX('DB Description'!$A$1:$B$23,MATCH(Tabela2[[#This Row],[Filial DB code]],'DB Description'!A:A,),2) -> MANTOMAC-CHA (213SCA) | AD15: =Tabela2[[#This Row],[Issue2]]-Tabela2[[#This Row],[Failure2]] -> 3 | AE15: ="FY"&IF(MONTH(Y15)>=4,YEAR(Y15),YEAR(Y15)-1) -> FY2022 | AF15: =YEAR(Tabela2[[#This Row],[Issue2]]) -> 2022
A16: KBISC202209510 | B16: PC130LC-10M0, AIR CONDITIONER, TRAVA SUPORTE CONDENSADOR, SERVICEABILITY, FOLGA NA TRAVA DO SUPORTE DO CONDENSADOR | C16: PC130LC-10M0 | D16: B20056 | E16: 450 - A/C | F16: Condensor support crack | G16: FOLGA NA TRAVA DO SUPORTE DO CONDENSADOR | I16: 231 | J16: Sub.Received | K16: 44804 | L16: 44804 | M16: 44683 | N16: 44713 | O16: 2A3-03-12850 | P16: TRAVA SUPORTE CONDENSADOR | Q16: AIR CONDITIONER | R16: SERVICEABILITY | S16: KDB (Plant) (51) | T16: KBI - Construction Service | U16: In Process | V16: 44818 | W16: MANTOMAC-CHA (213SCA) | X16: KBI (9447) | Y16: 44818 | Z16: Favor consultar a TSI: KBISC202209504 que trás a falha semelhante, porém neste caso houve a quebra da solda da dobradiça deste suporte do motor. Equipamento do mesmo modelo: PC130LC-10M0 e série: B20051. | AA16: Jonatas Kammer | AB16: 213SCB | AC16: =INDEX('DB Description'!$A$1:$B$23,MATCH(Tabela2[[#This Row],[Filial DB code]],'DB Description'!A:A,),2) -> MANTOMAC-CHA (213SCA) | AD16: =Tabela2[[#This Row],[Issue2]]-Tabela2[[#This Row],[Failure2]] -> 14 | AE16: ="FY"&IF(MONTH(Y16)>=4,YEAR(Y16),YEAR(Y16)-1) -> FY2022 | AF16: =YEAR(Tabela2[[#This Row],[Issue2]]) -> 2022
A17: KBISC202209512 | B17: PC130LC-10M0, AIR CONDITIONER, TRAVA SUPORTE CONDENSADOR, SERVICEABILITY, FOLGA NO SUPORTE DO CONDENSADOR | C17: PC130LC-10M0 | D17: B20080 | E17: 450 - A/C | F17: Condensor support crack | G17: FOLGA NO SUPORTE DO CONDENSADOR | I17: 222 | J17: Sub.Received | K17: 44789 | L17: 44789 | M17: 44715 | N17: 44734 | O17: 2A3-03-12850 | P17: TRAVA SUPORTE CONDENSADOR | Q17: AIR CONDITIONER | R17: SERVICEABILITY | S17: KDB (Plant) (51) | T17: KBI - Construction Service | U17: In Process | V17: 44820 | W17: MANTOMAC-CHA (213SCA) | X17: KBI (9447) | Y17: 44820 | Z17: Problema já encontrado em mais equipamentos deste modelo. | AA17: Jonatas Kammer | AB17: 213SCB | AC17: =INDEX('DB Description'!$A$1:$B$23,MATCH(Tabela2[[#This Row],[Filial DB code]],'DB Description'!A:A,),2) -> MANTOMAC-CHA (213SCA) | AD17: =Tabela2[[#This Row],[Issue2]]-Tabela2[[#This Row],[Failure2]] -> 31 | AE17: ="FY"&IF(MONTH(Y17)>=4,YEAR(Y17),YEAR(Y17)-1) -> FY2022 | AF17: =YEAR(Tabela2[[#This Row],[Issue2]]) -> 2022
A18: KBISP202209507 | B18: PC130LC-10M0, RADIATOR GROUP, NIVEL BAIXO ANTICONGELANTE, HIGH/LOW LEVEL, NIVEL BAIXO LIQ ARREFECIMENTO NO RESERVA | C18: PC130LC-10M0 | D18: B20116 | E18: 450 - A/C | F18: Condensor support crack | G18: NIVEL BAIXO LIQ ARREFECIMENTO NO RESERVA | H18: PC130LC-10M0, TC COOLER & OIL COOLER GROUP, NIVEL BAIXO ANTICONGELANTE, HIGH/LOW LEVEL, | I18: 116 | J18: Plant.Confirmed | K18: 44819 | L18: 44819 | M18: 44762 | N18: 44797 | O18: 600-411-1113 | P18: NIVEL BAIXO ANTICONGELANTE | Q18: RADIATOR GROUP | R18: HIGH/LOW LEVEL | S18: KDB (Plant) (51) | T18: KDB - Quality Assurance | U18: In Process | V18: 44820 | W18: BAUKO (213SPA) | X18: KBI (9447) | Y18: 44820 | AA18: Calvin Lee | AB18: 213SPB | AC18: =INDEX('DB Description'!$A$1:$B$23,MATCH(Tabela2[[#This Row],[Filial DB code]],'DB Description'!A:A,),2) -> Bauko | AD18: =Tabela2[[#This Row],[Issue2]]-Tabela2[[#This Row],[Failure2]] -> 1 | AE18: ="FY"&IF(MONTH(Y18)>=4,YEAR(Y18),YEAR(Y18)-1) -> FY2022 | AF18: =YEAR(Tabela2[[#This Row],[Issue2]]) -> 2022
A19: KBISP202209508 | B19: PC130LC-10M0, ACCESSORY & PARTS, PARAFUSO, DEFECTIVE ADJUSTMENT, | C19: PC130LC-10M0 | D19: B20144 | E19: 716 - Bucket | F19: Bucket clearance | G19: =Tabela2[[#This Row],[Failed Part Name]] -> PARAFUSO | I19: 4 | J19: Sub.Received | K19: 44819 | L19: 44819 | M19: 44797 | O19: 22B-32-21230 | P19: PARAFUSO | Q19: ACCESSORY & PARTS | R19: DEFECTIVE ADJUSTMENT | S19: KDB (Plant) (51) | T19: KBI - Construction Service | U19: In Process | V19: 44820 | W19: BAUKO (213SPA) | X19: KBI (9447) | Y19: 44820 | AA19: Luis Siqueira | AB19: 213SPA | AC19: =INDEX('DB Description'!$A$1:$B$23,MATCH(Tabela2[[#This Row],[Filial DB code]],'DB Description'!A:A,),2) -> Bauko | AD19: =Tabela2[[#This Row],[Issue2]]-Tabela2[[#This Row],[Failure2]] -> 1 | AE19: ="FY"&IF(MONTH(Y19)>=4,YEAR(Y19),YEAR(Y19)-1) -> FY2022 | AF19: =YEAR(Tabela2[[#This Row],[Issue2]]) -> 2022
A20: KBIMB202209516 | B20: PC130LC-10M0, ARM, Mangueira, ENTER/LEAKS, Vazamento mangueira braço lado direito | C20: PC130LC-10M0 | D20: B20136 | E20: 6A0 - Hydraulic piping | F20: Hose leak | G20: Vazamento mangueira braço lado direito | I20: 4 | J20: Plant.QA Approved | K20: 44796 | L20: 44796 | M20: 44789 | O20: 02756-20513 | P20: Mangueira | Q20: ARM | R20: ENTER/LEAKS | S20: KDB (Plant) (51) | T20: KDB - Quality Assurance | U20: In Process | V20: 44827 | W20: Mason (213I) | X20: KBI (9447) | Y20: 44827 | Z20: Cliente não ficou sabendo do ocorrido pois, foi detectado na chegada da máquina à Mason CTG. Os custos de serviços serão enviados à Komatsu para reembolso em garantia. | AA20: Leandro Leite | AB20: 213I | AC20: =INDEX('DB Description'!$A$1:$B$23,MATCH(Tabela2[[#This Row],[Filial DB code]],'DB Description'!A:A,),2) -> Mason | AD20: =Tabela2[[#This Row],[Issue2]]-Tabela2[[#This Row],[Failure2]] -> 31 | AE20: ="FY"&IF(MONTH(Y20)>=4,YEAR(Y20),YEAR(Y20)-1) -> FY2022 | AF20: =YEAR(Tabela2[[#This Row],[Issue2]]) -> 2022
A21: KBISP202209511 | B21: PC130LC-10M0, RADIATOR GROUP, ADAPTADOR, ENTER/LEAKS, | C21: PC130LC-10M0 | D21: B20117 | E21: 716 - Bucket | F21: Bucket clearance | G21: =Tabela2[[#This Row],[Failed Part Name]] -> ADAPTADOR | I21: 43 | J21: Plant.Confirmed | K21: 44823 | M21: 44764 | N21: 44823 | O21: 6208-51-5410 | P21: ADAPTADOR | Q21: RADIATOR GROUP | R21: ENTER/LEAKS | S21: KDB (Plant) (51) | T21: <Guilherme Augusto Macedo> | U21: Pending Request | V21: 44830 | W21: BAUKO (213SPA) | X21: KBI (9447) | Y21: 44830 | AA21: Luis Siqueira | AB21: 213SPA | AC21: =INDEX('DB Description'!$A$1:$B$23,MATCH(Tabela2[[#This Row],[Filial DB code]],'DB Description'!A:A,),2) -> Bauko | AD21: =Tabela2[[#This Row],[Issue2]]-Tabela2[[#This Row],[Failure2]] -> 7 | AE21: ="FY"&IF(MONTH(Y21)>=4,YEAR(Y21),YEAR(Y21)-1) -> FY2022 | AF21: =YEAR(Tabela2[[#This Row],[Issue2]]) -> 2022
A22: KBISP202209515 | B22: PC130LC-10M0, OPERATOR CAB & ROPS, SELO, ENTER/LEAKS, | C22: PC130LC-10M0 | D22: B20108 | E22: 6A0 - Hydraulic piping | F22: Hose leak | G22: =Tabela2[[#This Row],[Failed Part Name]] -> SELO | I22: 162 | J22: Sub.Received | K22: 44826 | M22: 44753 | O22: 20Y-53-11540 | P22: SELO | Q22: OPERATOR CAB & ROPS | R22: ENTER/LEAKS | S22: KDB (Plant) (51) | T22: KBI - Construction Service | U22: In Process | V22: 44831 | W22: BAUKO (213SPA) | X22: KBI (9447) | Y22: 44831 | AA22: Luis Siqueira | AB22: 213SPA | AC22: =INDEX('DB Description'!$A$1:$B$23,MATCH(Tabela2[[#This Row],[Filial DB code]],'DB Description'!A:A,),2) -> Bauko | AD22: =Tabela2[[#This Row],[Issue2]]-Tabela2[[#This Row],[Failure2]] -> 5 | AE22: ="FY"&IF(MONTH(Y22)>=4,YEAR(Y22),YEAR(Y22)-1) -> FY2022 | AF22: =YEAR(Tabela2[[#This Row],[Issue2]]) -> 2022
A23: KBISP202210500 | B23: PC130LC-10M0, OTHERS, CONJUNTO ESTEIRA, DEFECTIVE APPEARANCE, | C23: PC130LC-10M0 | D23: B20035 | E23: 301 - Track frame | F23: Track abnormal noise | G23: =Tabela2[[#This Row],[Failed Part Name]] -> CONJUNTO ESTEIRA | I23: 454 | J23: Closed | K23: 44832 | M23: 44651 | N23: 44658 | O23: 203-32-02482 | P23: CONJUNTO ESTEIRA | Q23: OTHERS | R23: DEFECTIVE APPEARANCE | S23: KDB (Plant) (51) | U23: Completed | V23: 44837 | W23: BAUKO (213SPA) | X23: KBI (9447) | Y23: 44837 | AA23: Luis Siqueira | AB23: 213SPA | AC23: =INDEX('DB Description'!$A$1:$B$23,MATCH(Tabela2[[#This Row],[Filial DB code]],'DB Description'!A:A,),2) -> Bauko | AD23: =Tabela2[[#This Row],[Issue2]]-Tabela2[[#This Row],[Failure2]] -> 5 | AE23: ="FY"&IF(MONTH(Y23)>=4,YEAR(Y23),YEAR(Y23)-1) -> FY2022 | AF23: =YEAR(Tabela2[[#This Row],[Issue2]]) -> 2022
A24: KBISP202210513 | B24: PC130LC-10M0, OTHERS, CONJUNTO ESTEIRA, DEFECTIVE APPEARANCE, | C24: PC130LC-10M0 | D24: B20092 | E24: 301 - Track frame | F24: Track abnormal noise | G24: =Tabela2[[#This Row],[Failed Part Name]] -> CONJUNTO ESTEIRA | I24: 22 | J24: Sub.Received | K24: 44841 | M24: 44734 | N24: 44817 | O24: 203-32-02482 | P24: CONJUNTO ESTEIRA | Q24: OTHERS | R24: DEFECTIVE APPEARANCE | S24: KDB (Plant) (51) | T24: KBI - Construction Service | U24: In Process | V24: 44853 | W24: BAUKO (213SPA) | X24: KBI (9447) | Y24: 44853 | AA24: Luis Siqueira | AB24: 213SPA | AC24: =INDEX('DB Description'!$A$1:$B$23,MATCH(Tabela2[[#This Row],[Filial DB code]],'DB Description'!A:A,),2) -> Bauko | AD24: =Tabela2[[#This Row],[Issue2]]-Tabela2[[#This Row],[Failure2]] -> 12 | AE24: ="FY"&IF(MONTH(Y24)>=4,YEAR(Y24),YEAR(Y24)-1) -> FY2022 | AF24: =YEAR(Tabela2[[#This Row],[Issue2]]) -> 2022
A25: KBISC202210519 | B25: PC130LC-10M0, ACCESSORY & PARTS, FECHADURA PORTA INSPEÇÃO, WRONG/MISSING PART, PERDA DA TRAVA DA PORTA DE INSPEÇÃO | C25: PC130LC-10M0 | D25: B20113 | E25: 301 - Track frame | F25: Track abnormal noise | G25: PERDA DA TRAVA DA PORTA DE INSPEÇÃO | I25: 212 | J25: Sub.Received | K25: 44833 | M25: 44762 | O25: 20Y-54-77160 | P25: FECHADURA PORTA INSPEÇÃO | Q25: ACCESSORY & PARTS | R25: WRONG/MISSING PART | S25: KDB (Plant) (51) | T25: KBI - Construction Service | U25: In Process | V25: 44858 | W25: MANTOMAC-CHA (213SCA) | X25: KBI (9447) | Y25: 44858 | AA25: Jonatas Kammer | AB25: 213SCB | AC25: =INDEX('DB Description'!$A$1:$B$23,MATCH(Tabela2[[#This Row],[Filial DB code]],'DB Description'!A:A,),2) -> MANTOMAC-CHA (213SCA) | AD25: =Tabela2[[#This Row],[Issue2]]-Tabela2[[#This Row],[Failure2]] -> 25 | AE25: ="FY"&IF(MONTH(Y25)>=4,YEAR(Y25),YEAR(Y25)-1) -> FY2022 | AF25: =YEAR(Tabela2[[#This Row],[Issue2]]) -> 2022
A26: KBI9A202209504 | B26: PC130LC-10M0, REVOLVING FRAME,COUNTER WEIGHT, Espuma, DEFECTIVE ADJUSTMENT, B20042 | C26: PC130LC-10M0 | D26: B20042 | E26: 6A0 - Hydraulic piping | F26: Hose leak | G26: =Tabela2[[#This Row],[Failed Part Name]] -> Espuma | I26: 532 | J26: Sub.Received | K26: 44826 | M26: 44662 | N26: 44762 | O26: 203-54-17270 | P26: Espuma | Q26: REVOLVING FRAME,COUNTER WEIGHT | R26: DEFECTIVE ADJUSTMENT | S26: KDB (Plant) (51) | T26: KBI - Construction Service | U26: In Process | V26: 44832 | W26: DCCO (213GOC) | X26: KBI (9447) | Y26: 44860 | Z26: Essa e a primeira falha ocorrida em nossa região. A principio e necessário fazer a fixação da espuma ou fazer a sua substituição | AA26: CLAYTON SOUSA | AB26: 213GOC | AC26: =INDEX('DB Description'!$A$1:$B$23,MATCH(Tabela2[[#This Row],[Filial DB code]],'DB Description'!A:A,),2) -> DCCO | AD26: =Tabela2[[#This Row],[Issue2]]-Tabela2[[#This Row],[Failure2]] -> 34 | AE26: ="FY"&IF(MONTH(Y26)>=4,YEAR(Y26),YEAR(Y26)-1) -> FY2022 | AF26: =YEAR(Tabela2[[#This Row],[Issue2]]) -> 2022
A27: KBISC202211500 | B27: PC130LC-10M0, AIR CONDITIONER, HOSE, MALFUNCTION, AR CONDICIONADO NAO ESTA FUNCIONANDO | C27: PC130LC-10M0 | D27: B20154 | E27: 450 - A/C | F27: Condensor support crack | G27: AR CONDICIONADO NAO ESTA FUNCIONANDO | I27: 16 | J27: Plant.Confirmed | K27: 44837 | L27: 44862 | M27: 44816 | N27: 44837 | O27: 204-979-7121 | P27: HOSE | Q27: AIR CONDITIONER | R27: MALFUNCTION | S27: KDB (Plant) (51) | T27: KDB - Quality Assurance | U27: In Process | V27: 44868 | W27: MANTOMAC-CHA (213SCA) | X27: KBI (9447) | Y27: 44868 | Z27: EQUIPAMENTO NOVO. CLIENTE FECHOU PLANO PMP 250 – 2000 HRS. | AA27: Luciana Lumbieri | AB27: 213RSB | AC27: =INDEX('DB Description'!$A$1:$B$23,MATCH(Tabela2[[#This Row],[Filial DB code]],'DB Description'!A:A,),2) -> MANTOMAC-CHA (213SCA) | AD27: =Tabela2[[#This Row],[Issue2]]-Tabela2[[#This Row],[Failure2]] -> 31 | AE27: ="FY"&IF(MONTH(Y27)>=4,YEAR(Y27),YEAR(Y27)-1) -> FY2022 | AF27: =YEAR(Tabela2[[#This Row],[Issue2]]) -> 2022
A28: KBISP202210514 | B28: PC130LC-10M0, TRAVEL MOTOR ASSY, MOTOR DE DESLOCAMENTO, DEFECTIVE APPEARANCE, DIFERNÇA VELOC. MOTORES DE DESLOCAMENTO | C28: PC130LC-10M0 | D28: B20108 | E28: 301 - Track frame | F28: Track abnormal noise | G28: DIFERNÇA VELOC. MOTORES DE DESLOCAMENTO | I28: 317 | J28: Sub.Received | K28: 44852 | M28: 44753 | O28: TZ710D200000-B | P28: MOTOR DE DESLOCAMENTO | Q28: TRAVEL MOTOR ASSY | R28: DEFECTIVE APPEARANCE | S28: KDB (Plant) (51) | T28: KBI - Construction Service | U28: In Process | V28: 44853 | W28: BAUKO (213SPA) | X28: KBI (9447) | Y28: 44873 | Z28: TÉCNICO REALIZOU SEGUNDA VISITA PARA TESTES NA DATA DE 28/10/2022 - REALIZADO INVERSÃO DAS VÁLVULAS DE ALÍVIO DOS MOTORES HIDRAULICOS, VERIFICADO SOLENÓIDES DA RÉGUA, TESTE DE FULGA NO MOTOR DE AMBOS OS LADOS, PRESSÃO DE STOLL DOS MOTORES 354KgF/cm. TODOS OS TESTES ESTÃO DENTRO DO PADRÃO, PORÉM MESMO ASSIM MÁQUINA CONTINUA DESVIANDO. | AA28: Calvin Lee | AB28: 213SPB | AC28: =INDEX('DB Description'!$A$1:$B$23,MATCH(Tabela2[[#This Row],[Filial DB code]],'DB Description'!A:A,),2) -> Bauko | AD28: =Tabela2[[#This Row],[Issue2]]-Tabela2[[#This Row],[Failure2]] -> 21 | AE28: ="FY"&IF(MONTH(Y28)>=4,YEAR(Y28),YEAR(Y28)-1) -> FY2022 | AF28: =YEAR(Tabela2[[#This Row],[Issue2]]) -> 2022
A29: KBISP202211503 | B29: PC130LC-10M0, ENGINE ASSY, VÁLVULA DRENO, ENTER/LEAKS, | C29: PC130LC-10M0 | D29: B20053 | E29: 6A0 - Hydraulic piping | F29: Hose leak | G29: =Tabela2[[#This Row],[Failed Part Name]] -> VÁLVULA DRENO | I29: 580 | J29: Sub.Submitted | K29: 44861 | L29: 44866 | M29: 44678 | N29: 44720 | O29: 6738-21-5610 | P29: VÁLVULA DRENO | Q29: ENGINE ASSY | R29: ENTER/LEAKS | S29: KDB (Plant) (51) | T29: <Guilherme Augusto Macedo> | U29: In Process | V29: 44873 | W29: BAUKO (213SPA) | X29: KBI (9447) | Y29: 44873 | AA29: Luis Siqueira | AB29: 213SPA | AC29: =INDEX('DB Description'!$A$1:$B$23,MATCH(Tabela2[[#This Row],[Filial DB code]],'DB Description'!A:A,),2) -> Bauko | AD29: =Tabela2[[#This Row],[Issue2]]-Tabela2[[#This Row],[Failure2]] -> 12 | AE29: ="FY"&IF(MONTH(Y29)>=4,YEAR(Y29),YEAR(Y29)-1) -> FY2022 | AF29: =YEAR(Tabela2[[#This Row],[Issue2]]) -> 2022
A30: KBISP202211505 | B30: PC130LC-10M0, BUCKET(H/E BACKHOE), Caçamba, BROKEN, | C30: PC130LC-10M0 | D30: B20026 | E30: 716 - Bucket | F30: Bucket clearance | G30: =Tabela2[[#This Row],[Failed Part Name]] -> Caçamba | I30: 977 | J30: Closed | K30: 44868 | M30: 44648 | N30: 44683 | O30: 203-70-B2010 | P30: Caçamba | Q30: BUCKET(H/E BACKHOE) | R30: BROKEN | S30: KDB (Plant) (51) | U30: Completed | V30: 44876 | W30: BAUKO (213SPA) | X30: KBI (9447) | Y30: 44876 | Z30: A PEÇA VEIO A FRATURAR POR REDUÇÃO NA ÁREA DE ESFORÇO, PROVENIENTE DA PROPAGAÇÃO DA TRINCA, MÁQUINA FALHOU APÓS 7 MESES DA ENTREGA TECNICA, EQUIPAMENTO COM BAIXO HORIMETRO E PRIMEIRA REVISÃO DE 500 HORAS FEITA COM O DISTRIBUIDOR BAUKO. | AA30: Gabriel Augusto | AB30: 213ESD | AC30: =INDEX('DB Description'!$A$1:$B$23,MATCH(Tabela2[[#This Row],[Filial DB code]],'DB Description'!A:A,),2) -> Bauko | AD30: =Tabela2[[#This Row],[Issue2]]-Tabela2[[#This Row],[Failure2]] -> 8 | AE30: ="FY"&IF(MONTH(Y30)>=4,YEAR(Y30),YEAR(Y30)-1) -> FY2022 | AF30: =YEAR(Tabela2[[#This Row],[Issue2]]) -> 2022
A31: KBISC202211504 | B31: PC130LC-10M0, ACCESSORY & PARTS, PARAFUSO, MALFUNCTION, PARAFUSO TRAVA DO PISTAO DO CILINDRO | C31: PC130LC-10M0 | D31: B20079 | E31: H17 - Arm cylinder | F31: Arm cylinder trim | G31: PARAFUSO TRAVA DO PISTAO DO CILINDRO | I31: 144 | J31: Sub.Received | K31: 44792 | L31: 44796 | M31: 44715 | N31: 44747 | O31: 01010-81435 | P31: PARAFUSO | Q31: ACCESSORY & PARTS | R31: MALFUNCTION | S31: KDB (Plant) (51) | T31: KBI - Construction Service | U31: In Process | V31: 44882 | W31: MANTOMAC-CHA (213SCA) | X31: KBI (9447) | Y31: 44882 | AA31: Jonatas Kammer | AB31: 213SCB | AC31: =INDEX('DB Description'!$A$1:$B$23,MATCH(Tabela2[[#This Row],[Filial DB code]],'DB Description'!A:A,),2) -> MANTOMAC-CHA (213SCA) | AD31: =Tabela2[[#This Row],[Issue2]]-Tabela2[[#This Row],[Failure2]] -> 90 | AE31: ="FY"&IF(MONTH(Y31)>=4,YEAR(Y31),YEAR(Y31)-1) -> FY2022 | AF31: =YEAR(Tabela2[[#This Row],[Issue2]]) -> 2022
A32: KBISP202211514 | B32: PC130LC-10M0, RADIATOR GROUP, ADAPTADOR, ENTER/LEAKS, | C32: PC130LC-10M0 | D32: B20089 | E32: 716 - Bucket | F32: Bucket clearance | G32: =Tabela2[[#This Row],[Failed Part Name]] -> ADAPTADOR | I32: 512 | J32: Plant.Confirmed | K32: 44883 | M32: 44733 | O32: 6208-51-5410 | P32: ADAPTADOR | Q32: RADIATOR GROUP | R32: ENTER/LEAKS | S32: KDB (Plant) (51) | T32: KDB - Quality Assurance | U32: In Process | V32: 44888 | W32: BAUKO (213SPA) | X32: KBI (9447) | Y32: 44888 | AA32: Luis Siqueira | AB32: 213SPA | AC32: =INDEX('DB Description'!$A$1:$B$23,MATCH(Tabela2[[#This Row],[Filial DB code]],'DB Description'!A:A,),2) -> Bauko | AD32: =Tabela2[[#This Row],[Issue2]]-Tabela2[[#This Row],[Failure2]] -> 5 | AE32: ="FY"&IF(MONTH(Y32)>=4,YEAR(Y32),YEAR(Y32)-1) -> FY2022 | AF32: =YEAR(Tabela2[[#This Row],[Issue2]]) -> 2022
A33: KBISP202211515 | B33: PC130LC-10M0, BUCKET(H/E BACKHOE), BUCKET, BROKEN, | C33: PC130LC-10M0 | D33: B20024 | E33: 716 - Bucket | F33: Bucket clearance | G33: =Tabela2[[#This Row],[Failed Part Name]] -> BUCKET | I33: 1409 | J33: Sub.Received | K33: 44883 | L33: 44883 | M33: 44643 | N33: 44662 | O33: 203-79-B2010 | P33: BUCKET | Q33: BUCKET(H/E BACKHOE) | R33: BROKEN | S33: KDB (Plant) (51) | T33: KBI - Construction Service | U33: In Process | V33: 44889 | W33: BAUKO (213SPA) | X33: KBI (9447) | Y33: 44889 | Z33: A PEÇA VEIO A FRATURAR POR REDUÇÃO NA ÁREA DE ESFORÇO, PROVENIENTE DA PROPAGAÇÃO DA TRINCA. PARA REALIZAR O ENSAIO DE LIQUIDO PENETRANTE, FOI UTILIZADO OS APARAMETROS E PROCESSOS DA NORMA NBR 16450. Cliente novo com Komatsu, primeiro equipamento adiquirido no mes de abril de 2022, cliente com revisoes periodicas na concessionaria. | AA33: Caio Rodrigues | AB33: 213ESD | AC33: =INDEX('DB Description'!$A$1:$B$23,MATCH(Tabela2[[#This Row],[Filial DB code]],'DB Description'!A:A,),2) -> Bauko | AD33: =Tabela2[[#This Row],[Issue2]]-Tabela2[[#This Row],[Failure2]] -> 6 | AE33: ="FY"&IF(MONTH(Y33)>=4,YEAR(Y33),YEAR(Y33)-1) -> FY2022 | AF33: =YEAR(Tabela2[[#This Row],[Issue2]]) -> 2022
A34: KBISP202211516 | B34: PC130LC-10M0, OPERATOR CAB & ROPS, PARTES LATERAIS CINZAS DO PARABRISA, DEFECTIVE APPEARANCE, | C34: PC130LC-10M0 | D34: B20095 | E34: 000 - Machine | F34: Painting | G34: =Tabela2[[#This Row],[Failed Part Name]] -> PARTES LATERAIS CINZAS DO PARABRISA | I34: 404 | J34: Sub.Received | K34: 44887 | L34: 44890 | M34: 44734 | N34: 44776 | O34: NA | P34: PARTES LATERAIS CINZAS DO PARABRISA | Q34: OPERATOR CAB & ROPS | R34: DEFECTIVE APPEARANCE | S34: KDB (Plant) (51) | T34: KBI - Construction Service | U34: In Process | V34: 44890 | W34: BAUKO (213SPA) | X34: KBI (9447) | Y34: 44890 | Z34: Devemos fazer o reparo em garantia. Refazer a pintura. | AA34: Rafaella Ribeiro | AB34: 213SPC | AC34: =INDEX('DB Description'!$A$1:$B$23,MATCH(Tabela2[[#This Row],[Filial DB code]],'DB Description'!A:A,),2) -> Bauko | AD34: =Tabela2[[#This Row],[Issue2]]-Tabela2[[#This Row],[Failure2]] -> 3 | AE34: ="FY"&IF(MONTH(Y34)>=4,YEAR(Y34),YEAR(Y34)-1) -> FY2022 | AF34: =YEAR(Tabela2[[#This Row],[Issue2]]) -> 2022
A35: KBISC202212501 | B35: PC130LC-10M0, HYDRAULIC CYLINDER, ORING, ENTER/LEAKS, VAZAMENTO DE OLEO NO TUBO DO CILINDRO | C35: PC130LC-10M0 | D35: B20154 | E35: 6A0 - Hydraulic piping | F35: Hose leak | G35: VAZAMENTO DE OLEO NO TUBO DO CILINDRO | I35: 91 | J35: Sub.Received | K35: 44888 | L35: 44888 | M35: 44816 | N35: 44837 | O35: 02896-11018 | P35: ORING | Q35: HYDRAULIC CYLINDER | R35: ENTER/LEAKS | S35: KDB (Plant) (51) | T35: KBI - Construction Service | U35: In Process | V35: 44896 | W35: MANTOMAC-CHA (213SCA) | X35: KBI (9447) | Y35: 44896 | Z35: EQUIPAMENTO NOVO COM APENAS 91 HS. | AA35: Luciana Lumbieri | AB35: 213RSB | AC35: =INDEX('DB Description'!$A$1:$B$23,MATCH(Tabela2[[#This Row],[Filial DB code]],'DB Description'!A:A,),2) -> MANTOMAC-CHA (213SCA) | AD35: =Tabela2[[#This Row],[Issue2]]-Tabela2[[#This Row],[Failure2]] -> 8 | AE35: ="FY"&IF(MONTH(Y35)>=4,YEAR(Y35),YEAR(Y35)-1) -> FY2022 | AF35: =YEAR(Tabela2[[#This Row],[Issue2]]) -> 2022
A36: KBISP202212500 | B36: PC130LC-10M0, FUEL TANK GROUP, FILTRO DE COMBUSTÍVEL, MALFUNCTION, | C36: PC130LC-10M0 | D36: B20050 | G36: =Tabela2[[#This Row],[Failed Part Name]] -> FILTRO DE COMBUSTÍVEL | I36: 594 | J36: Sub.Received | K36: 44874 | M36: 44673 | N36: 44727 | O36: 600-311-3620 | P36: FILTRO DE COMBUSTÍVEL | Q36: FUEL TANK GROUP | R36: MALFUNCTION | S36: KDB (Plant) (51) | T36: KBI - Construction Service | U36: In Process | V36: 44896 | W36: BAUKO (213SPA) | X36: KBI (9447) | Y36: 44896 | AA36: Luis Siqueira | AB36: 213SPA | AC36: =INDEX('DB Description'!$A$1:$B$23,MATCH(Tabela2[[#This Row],[Filial DB code]],'DB Description'!A:A,),2) -> Bauko | AD36: =Tabela2[[#This Row],[Issue2]]-Tabela2[[#This Row],[Failure2]] -> 22 | AE36: ="FY"&IF(MONTH(Y36)>=4,YEAR(Y36),YEAR(Y36)-1) -> FY2022 | AF36: =YEAR(Tabela2[[#This Row],[Issue2]]) -> 2022
A37: KBIMB202212501 | B37: PC130LC-10M0, OTHERS, INTERRUPTOR, MALFUNCTION, FALHA ACIONAMENTO BUZINA | C37: PC130LC-10M0 | D37: B20085 | E37: D00 - Electric system | F37: Nozzler malfunction | G37: FALHA ACIONAMENTO BUZINA | I37: 1050 | J37: Sub.Received | K37: 44875 | M37: 44725 | N37: 44763 | O37: 22U-43-21211 | P37: INTERRUPTOR | Q37: OTHERS | R37: MALFUNCTION | S37: KDB (Plant) (51) | T37: KBI - Construction Service | U37: In Process | V37: 44903 | W37: Mason (213I) | X37: KBI (9447) | Y37: 44903 | AA37: Higor Alves | AB37: 213MGC | AC37: =INDEX('DB Description'!$A$1:$B$23,MATCH(Tabela2[[#This Row],[Filial DB code]],'DB Description'!A:A,),2) -> Mason | AD37: =Tabela2[[#This Row],[Issue2]]-Tabela2[[#This Row],[Failure2]] -> 28 | AE37: ="FY"&IF(MONTH(Y37)>=4,YEAR(Y37),YEAR(Y37)-1) -> FY2022 | AF37: =YEAR(Tabela2[[#This Row],[Issue2]]) -> 2022
A38: KBISP202212503 | B38: PC130LC-10M0, RADIATOR GROUP, anticongelante, HIGH/LOW LEVEL, | C38: PC130LC-10M0 | D38: B20144 | E38: 6A0 - Hydraulic piping | F38: Hose leak | G38: =Tabela2[[#This Row],[Failed Part Name]] -> anticongelante | I38: 29 | J38: Plant.QA Approved | K38: 44894 | M38: 44797 | O38: 600-411-1113 | P38: anticongelante | Q38: RADIATOR GROUP | R38: HIGH/LOW LEVEL | S38: KDB (Plant) (51) | T38: KDB - Quality Assurance | U38: In Process | V38: 44903 | W38: BAUKO (213SPA) | X38: KBI (9447) | Y38: 44903 | AA38: Luis Siqueira | AB38: 213SPA | AC38: =INDEX('DB Description'!$A$1:$B$23,MATCH(Tabela2[[#This Row],[Filial DB code]],'DB Description'!A:A,),2) -> Bauko | AD38: =Tabela2[[#This Row],[Issue2]]-Tabela2[[#This Row],[Failure2]] -> 9 | AE38: ="FY"&IF(MONTH(Y38)>=4,YEAR(Y38),YEAR(Y38)-1) -> FY2022 | AF38: =YEAR(Tabela2[[#This Row],[Issue2]]) -> 2022
A39: KBIMB202212503 | B39: PC130LC-10M0, AIR CONDITIONER, HINGE, WELDED, DEFECTIVE APPEARANCE, QUEBRA SUPORTE CONDENSADOR | C39: PC130LC-10M0 | D39: B20085 | E39: 450 - A/C | F39: Condensor support crack | G39: QUEBRA SUPORTE CONDENSADOR | I39: 1050 | J39: Sub.Received | K39: 44875 | M39: 44725 | N39: 44763 | O39: 198-06-62820 | P39: HINGE, WELDED | Q39: AIR CONDITIONER | R39: DEFECTIVE APPEARANCE | S39: KDB (Plant) (51) | T39: KBI - Construction Service | U39: In Process | V39: 44904 | W39: Mason (213I) | X39: KBI (9447) | Y39: 44904 | Z39: Foi efetuado o aperto correto dos parafusos do condensador, porem veio ocasionar a quebra dasolda de fixação da dobradiça | AA39: Higor Alves | AB39: 213MGC | AC39: =INDEX('DB Description'!$A$1:$B$23,MATCH(Tabela2[[#This Row],[Filial DB code]],'DB Description'!A:A,),2) -> Mason | AD39: =Tabela2[[#This Row],[Issue2]]-Tabela2[[#This Row],[Failure2]] -> 29 | AE39: ="FY"&IF(MONTH(Y39)>=4,YEAR(Y39),YEAR(Y39)-1) -> FY2022 | AF39: =YEAR(Tabela2[[#This Row],[Issue2]]) -> 2022
A40: KBISC202212523 | B40: PC130LC-10M0, HYDRAULIC PIPING(1), 00000, MALFUNCTION, DESVIO NO DESLOCAMENTO PARA A DIREITA | C40: PC130LC-10M0 | D40: B20106 | G40: DESVIO NO DESLOCAMENTO PARA A DIREITA | I40: 63 | J40: Plant.QA Approved | K40: 44917 | M40: 44742 | N40: 44894 | O40: 000000 | P40: 00000 | Q40: HYDRAULIC PIPING(1) | R40: MALFUNCTION | S40: KDB (Plant) (51) | T40: KDB - Quality Assurance | U40: In Process | V40: 44918 | W40: MANTOMAC-CHA (213SCA) | X40: KBI (9447) | Y40: 44918 | Z40: EQUIPAMENTO NOVO. | AA40: Luciana Lumbieri | AB40: 213RSB | AC40: =INDEX('DB Description'!$A$1:$B$23,MATCH(Tabela2[[#This Row],[Filial DB code]],'DB Description'!A:A,),2) -> MANTOMAC-CHA (213SCA) | AD40: =Tabela2[[#This Row],[Issue2]]-Tabela2[[#This Row],[Failure2]] -> 1 | AE40: ="FY"&IF(MONTH(Y40)>=4,YEAR(Y40),YEAR(Y40)-1) -> FY2022 | AF40: =YEAR(Tabela2[[#This Row],[Issue2]]) -> 2022
A41: KBISC202212525 | B41: PC130LC-10M0, ACCESSORY & PARTS, MANGUEIRAS, ENTER/LEAKS, MANGUEIRAS DO SISTEMA HIDR. FROUXAS | C41: PC130LC-10M0 | D41: B20156 | E41: 6A0 - Hydraulic piping | F41: Hose leak | G41: MANGUEIRAS DO SISTEMA HIDR. FROUXAS | I41: 13 | J41: Sub.Received | K41: 44888 | L41: 44890 | M41: 44817 | N41: 44882 | O41: DIVERSAS | P41: MANGUEIRAS | Q41: ACCESSORY & PARTS | R41: ENTER/LEAKS | S41: KDB (Plant) (51) | T41: KBI - Construction Service | U41: In Process | V41: 44921 | W41: MANTOMAC-CHA (213SCA) | X41: KBI (9447) | Y41: 44921 | Z41: Episódio este acabou gerando um desgaste no relacionamento do cliente com o Distribuidor, pois o equipamento trabalhou apenas 13 hrs ou menos, levando em conta a data da entrega técnica em diante. Necessário haver por parte do fabricante um cuidado maior neste quesito. Uma falha como esta é simples, mas gera um transtorno pois o equipamento é novo, e nenhum cliente espera algo deste tipo aconteça, ainda mais se tratando de aperto de mangueiras. | AA41: Jonatas Kammer | AB41: 213SCB | AC41: =INDEX('DB Description'!$A$1:$B$23,MATCH(Tabela2[[#This Row],[Filial DB code]],'DB Description'!A:A,),2) -> MANTOMAC-CHA (213SCA) | AD41: =Tabela2[[#This Row],[Issue2]]-Tabela2[[#This Row],[Failure2]] -> 33 | AE41: ="FY"&IF(MONTH(Y41)>=4,YEAR(Y41),YEAR(Y41)-1) -> FY2022 | AF41: =YEAR(Tabela2[[#This Row],[Issue2]]) -> 2022
A42: KBISC202301500 | B42: PC130LC-10M0, ACCESSORY & PARTS, SUPORTE, WRONG/MISSING PART, SUPORTE DE CIMA RADIADOR - FALTA | C42: PC130LC-10M0 | D42: B20056 | E42: 301 - Track frame | F42: Missing part | G42: SUPORTE DE CIMA RADIADOR - FALTA | I42: 231 | J42: Plant.QA Approved | K42: 44781 | L42: 44902 | M42: 44683 | N42: 44713 | O42: 204-03-72711 | P42: SUPORTE | Q42: ACCESSORY & PARTS | R42: WRONG/MISSING PART | S42: KDB (Plant) (51) | T42: KDB - Quality Assurance | U42: In Process | V42: 44931.607 | W42: MANTOMAC-CHA (213SCA) | X42: KBI (9447) | Y42: 44931 | AA42: Jonatas Kammer | AB42: 213SCB | AC42: =INDEX('DB Description'!$A$1:$B$23,MATCH(Tabela2[[#This Row],[Filial DB code]],'DB Description'!A:A,),2) -> MANTOMAC-CHA (213SCA) | AD42: =Tabela2[[#This Row],[Issue2]]-Tabela2[[#This Row],[Failure2]] -> 150 | AE42: ="FY"&IF(MONTH(Y42)>=4,YEAR(Y42),YEAR(Y42)-1) -> FY2022 | AF42: =YEAR(Tabela2[[#This Row],[Issue2]]) -> 2023
A43: KBISC202301503 | B43: PC130LC-10M0, FUEL TANK GROUP, FILTRO SEPARADOR, INTERFERENCE, SUJEIRA NO SISTEMA DE COMBUSTIVEL | C43: PC130LC-10M0 | D43: B20163 | G43: SUJEIRA NO SISTEMA DE COMBUSTIVEL | I43: 3 | J43: Plant.QA Approved | K43: 44904 | L43: 44904 | M43: 44830 | O43: 600-311-9921 | P43: FILTRO SEPARADOR | Q43: FUEL TANK GROUP | R43: INTERFERENCE | S43: KDB (Plant) (51) | T43: KDB - Quality Assurance | U43: In Process | V43: 44936.315 | W43: MANTOMAC-CHA (213SCA) | X43: KBI (9447) | Y43: 44936 | AA43: Jonatas Kammer | AB43: 213SCB | AC43: =INDEX('DB Description'!$A$1:$B$23,MATCH(Tabela2[[#This Row],[Filial DB code]],'DB Description'!A:A,),2) -> MANTOMAC-CHA (213SCA) | AD43: =Tabela2[[#This Row],[Issue2]]-Tabela2[[#This Row],[Failure2]] -> 32 | AE43: ="FY"&IF(MONTH(Y43)>=4,YEAR(Y43),YEAR(Y43)-1) -> FY2022 | AF43: =YEAR(Tabela2[[#This Row],[Issue2]]) -> 2023
A44: KBIPR202301506 | B44: PC130LC-10M0, OTHERS, lataria pintura, MALFUNCTION, AVARIAS NA LATARIA E PINTURA | C44: PC130LC-10M0 | D44: B20188 | E44: 000 - Machine | F44: Painting | G44: AVARIAS NA LATARIA E PINTURA | I44: 13 | J44: Plant.QA Approved | K44: 44930 | M44: 44859 | O44: xxxxxxx | P44: lataria pintura | Q44: OTHERS | R44: MALFUNCTION | S44: KDB (Plant) (51) | T44: KDB - Quality Assurance | U44: In Process | V44: 44937.738 | W44: VIANMAQ (213PRB) | X44: KBI (9447) | Y44: 44937 | Z44: O Cliente encontra-se insatisfeito, por ser um equipamento novo, primeira compra, com possibilidades de nova aquisição. E essas falhas de qualidade, fica fora do alcance da distribuidora. Visto que trata-se de falhas que deveriam ser validadas na fabrica antes de sair, para que não ocorra com frequencia gerando assim insatisfação do cliente. | AA44: Neia Sene | AB44: 213PRB | AC44: =INDEX('DB Description'!$A$1:$B$23,MATCH(Tabela2[[#This Row],[Filial DB code]],'DB Description'!A:A,),2) -> Vianmaq | AD44: =Tabela2[[#This Row],[Issue2]]-Tabela2[[#This Row],[Failure2]] -> 7 | AE44: ="FY"&IF(MONTH(Y44)>=4,YEAR(Y44),YEAR(Y44)-1) -> FY2022 | AF44: =YEAR(Tabela2[[#This Row],[Issue2]]) -> 2023
A45: KBISC202301506 | B45: PC130LC-10M0, AIR CONDITIONER, Sistema ar condicionado., MALFUNCTION, EXCESSO GAS REFRIGERANTE NO SISTEMA | C45: PC130LC-10M0 | D45: B20178 | E45: 450 - A/C | F45: Condensor support crack | G45: EXCESSO GAS REFRIGERANTE NO SISTEMA | I45: 17 | J45: Plant.QA Approved | K45: 44909 | L45: 44910 | M45: 44848 | O45: Sistema ar condicionado | P45: Sistema ar condicionado. | Q45: AIR CONDITIONER | R45: MALFUNCTION | S45: KDB (Plant) (51) | T45: KDB - Quality Assurance | U45: In Process | V45: 44943.45 | W45: MANTOMAC-CHA (213SCA) | X45: KBI (9447) | Y45: 44943 | AA45: Jonatas Kammer | AB45: 213SCB | AC45: =INDEX('DB Description'!$A$1:$B$23,MATCH(Tabela2[[#This Row],[Filial DB code]],'DB Description'!A:A,),2) -> MANTOMAC-CHA (213SCA) | AD45: =Tabela2[[#This Row],[Issue2]]-Tabela2[[#This Row],[Failure2]] -> 34 | AE45: ="FY"&IF(MONTH(Y45)>=4,YEAR(Y45),YEAR(Y45)-1) -> FY2022 | AF45: =YEAR(Tabela2[[#This Row],[Issue2]]) -> 2023
A46: KBISP202301504 | B46: PC130LC-10M0, ENGINE ASSY, Muffler, MALFUNCTION, | C46: PC130LC-10M0 | D46: B20024 | E46: A1T - Muffler | F46: Abnormal noise on muffler (before countermeasure) | G46: =Tabela2[[#This Row],[Failed Part Name]] -> Muffler | I46: 1606 | J46: Closed | K46: 44953 | L46: 44953 | M46: 44643 | N46: 44662 | O46: 6271-11-5230 | P46: Muffler | Q46: ENGINE ASSY | R46: MALFUNCTION | S46: KDB (Plant) (51) | U46: Completed | V46: 44953.373 | W46: BAUKO (213SPA) | X46: KBI (9447) | Y46: 44953 | Z46: Cliente com todas as revisões feitas em conssecionaria | AA46: Caio Rodrigues | AB46: 213ESD | AC46: =INDEX('DB Description'!$A$1:$B$23,MATCH(Tabela2[[#This Row],[Filial DB code]],'DB Description'!A:A,),2) -> Bauko | AD46: =Tabela2[[#This Row],[Issue2]]-Tabela2[[#This Row],[Failure2]] -> 0 | AE46: ="FY"&IF(MONTH(Y46)>=4,YEAR(Y46),YEAR(Y46)-1) -> FY2022 | AF46: =YEAR(Tabela2[[#This Row],[Issue2]]) -> 2023
A47: KBISC202301514 | B47: PC130LC-10M0, HYDRAULIC CYLINDER, ANEL O-RING, ENTER/LEAKS, VAZAMENTO OLEO EM MANGUEIRA DO CILINDRO | C47: PC130LC-10M0 | D47: B20156 | E47: 6A0 - Hydraulic piping | F47: Hose leak | G47: VAZAMENTO OLEO EM MANGUEIRA DO CILINDRO | I47: 116 | J47: Closed | K47: 44931 | L47: 44932 | M47: 44817 | N47: 44882 | O47: 02896-11015 | P47: ANEL O-RING | Q47: HYDRAULIC CYLINDER | R47: ENTER/LEAKS | S47: KDB (Plant) (51) | U47: Completed | V47: 44956.561 | W47: MANTOMAC-CHA (213SCA) | X47: KBI (9447) | Y47: 44959 | Z47: Segundo atendimento neste equipamento para sanar uma falha de vazamento. | AA47: Jonatas Kammer | AB47: 213SCB | AC47: =INDEX('DB Description'!$A$1:$B$23,MATCH(Tabela2[[#This Row],[Filial DB code]],'DB Description'!A:A,),2) -> MANTOMAC-CHA (213SCA) | AD47: =Tabela2[[#This Row],[Issue2]]-Tabela2[[#This Row],[Failure2]] -> 28 | AE47: ="FY"&IF(MONTH(Y47)>=4,YEAR(Y47),YEAR(Y47)-1) -> FY2022 | AF47: =YEAR(Tabela2[[#This Row],[Issue2]]) -> 2023
A48: KBISC202302502 | B48: PC130LC-10M0, AIR CONDITIONER, BRACKET, BROKEN, QUEBRA DO SUPORTE DO CONDENSADOR | C48: PC130LC-10M0 | D48: B20154 | E48: 450 - A/C | F48: Condensor support crack | G48: QUEBRA DO SUPORTE DO CONDENSADOR | H48: PC130LC-10M0, AIR CONDITIONER, BRACKET, BROKEN, | I48: 219 | J48: Plant.QA Approved | K48: 44957 | M48: 44816 | N48: 44837 | O48: 204-03-72111 | P48: BRACKET | Q48: AIR CONDITIONER | R48: BROKEN | S48: KDB (Plant) (51) | T48: KDB - Quality Assurance | U48: In Process | V48: 44960.729 | W48: MANTOMAC-CHA (213SCA) | X48: KBI (9447) | Y48: 44960 | Z48: EQUIPAMENTO COM PMP. | AA48: Luciana Lumbieri | AB48: 213RSB | AC48: =INDEX('DB Description'!$A$1:$B$23,MATCH(Tabela2[[#This Row],[Filial DB code]],'DB Description'!A:A,),2) -> MANTOMAC-CHA (213SCA) | AD48: =Tabela2[[#This Row],[Issue2]]-Tabela2[[#This Row],[Failure2]] -> 3 | AE48: ="FY"&IF(MONTH(Y48)>=4,YEAR(Y48),YEAR(Y48)-1) -> FY2022 | AF48: =YEAR(Tabela2[[#This Row],[Issue2]]) -> 2023
A49: KBIMB202302500 | B49: PC130LC-10M0, ACCESSORY & PARTS, FRAME, DEFECTIVE APPEARANCE, Falha na Pintura | C49: PC130LC-10M0 | D49: B20200 | E49: 000 - Machine | F49: Painting | G49: Falha na Pintura | I49: 3.9 | J49: Plant.QA Approved | K49: 44937 | M49: 44865 | O49: 204-910-B110 | P49: FRAME | Q49: ACCESSORY & PARTS | R49: DEFECTIVE APPEARANCE | S49: KDB (Plant) (51) | T49: KDB - Quality Assurance | U49: In Process | V49: 44963.453 | W49: Mason (213I) | X49: KBI (9447) | Y49: 44963 | Z49: Falha possivelmente na confecção da peça e montagem do equipamento na fábrica. | AA49: Higor Alves | AB49: 213MGC | AC49: =INDEX('DB Description'!$A$1:$B$23,MATCH(Tabela2[[#This Row],[Filial DB code]],'DB Description'!A:A,),2) -> Mason | AD49: =Tabela2[[#This Row],[Issue2]]-Tabela2[[#This Row],[Failure2]] -> 26 | AE49: ="FY"&IF(MONTH(Y49)>=4,YEAR(Y49),YEAR(Y49)-1) -> FY2022 | AF49: =YEAR(Tabela2[[#This Row],[Issue2]]) -> 2023
A50: KBISP202302506 | B50: PC130LC-10M0, ENGINE ASSY, Muffler, MALFUNCTION, | C50: PC130LC-10M0 | D50: B20060 | E50: A1T - Muffler | F50: Abnormal noise on muffler (before countermeasure) | G50: =Tabela2[[#This Row],[Failed Part Name]] -> Muffler | I50: 10556 | J50: Plant.QA Approved | K50: 44966 | M50: 44701 | N50: 44774 | O50: 6271-11-5230 | P50: Muffler | Q50: ENGINE ASSY | R50: MALFUNCTION | S50: KDB (Plant) (51) | T50: KDB - Quality Assurance | U50: In Process | V50: 44967.345 | W50: BAUKO (213SPA) | X50: KBI (9447) | Y50: 44967 | Z50: Cliente com todas as revisões feitas em conssecionaria. | AA50: Caio Rodrigues | AB50: 213ESD | AC50: =INDEX('DB Description'!$A$1:$B$23,MATCH(Tabela2[[#This Row],[Filial DB code]],'DB Description'!A:A,),2) -> Bauko | AD50: =Tabela2[[#This Row],[Issue2]]-Tabela2[[#This Row],[Failure2]] -> 1 | AE50: ="FY"&IF(MONTH(Y50)>=4,YEAR(Y50),YEAR(Y50)-1) -> FY2022 | AF50: =YEAR(Tabela2[[#This Row],[Issue2]]) -> 2023
A51: KBISP202302511 | B51: PC130LC-10M0, ELECTRONIC CONTROLLER, INTERRUPTOR, DEFECTIVE ADJUSTMENT, FALHA NO ACIONADOR DA BUZINA | C51: PC130LC-10M0 | D51: B20112 | E51: D00 - Electric system | F51: Nozzler malfunction | G51: FALHA NO ACIONADOR DA BUZINA | I51: 516 | J51: Closed | K51: 44970 | M51: 44761 | O51: 22U-43-21211 | P51: INTERRUPTOR | Q51: ELECTRONIC CONTROLLER | R51: DEFECTIVE ADJUSTMENT | S51: KDB (Plant) (51) | U51: Completed | V51: 44973.588 | W51: BAUKO (213SPA) | X51: KBI (9447) | Y51: 44973 | AA51: Calvin Lee | AB51: 213SPB | AC51: =INDEX('DB Description'!$A$1:$B$23,MATCH(Tabela2[[#This Row],[Filial DB code]],'DB Description'!A:A,),2) -> Bauko | AD51: =Tabela2[[#This Row],[Issue2]]-Tabela2[[#This Row],[Failure2]] -> 3 | AE51: ="FY"&IF(MONTH(Y51)>=4,YEAR(Y51),YEAR(Y51)-1) -> FY2022 | AF51: =YEAR(Tabela2[[#This Row],[Issue2]]) -> 2023
A52: KBIPR202303501 | B52: PC130LC-10M0, ACCESSORY & PARTS, ANEL, DEFECTIVE ADJUSTMENT, VAZAMENTO MANGUEIRA | C52: PC130LC-10M0 | D52: B20047 | E52: 6A0 - Hydraulic piping | F52: Hose leak | G52: VAZAMENTO MANGUEIRA | I52: 882 | J52: Closed | K52: 44986 | L52: 44980 | M52: 44669 | N52: 44775 | O52: 02896-61015 | P52: ANEL | Q52: ACCESSORY & PARTS | R52: DEFECTIVE ADJUSTMENT | S52: KDB (Plant) (51) | U52: Completed | V52: 44986.489 | W52: VIANMAQ (213PRB) | X52: KBI (9447) | Y52: 44986 | Z52: Foi feito o teste STALL do equipamento que mostrou a falha, e inspeção visual. O cliente possui 03 (tres) equipamentos da Komatsu. | AA52: Neia Sene | AB52: 213PRB | AC52: =INDEX('DB Description'!$A$1:$B$23,MATCH(Tabela2[[#This Row],[Filial DB code]],'DB Description'!A:A,),2) -> Vianmaq | AD52: =Tabela2[[#This Row],[Issue2]]-Tabela2[[#This Row],[Failure2]] -> 0 | AE52: ="FY"&IF(MONTH(Y52)>=4,YEAR(Y52),YEAR(Y52)-1) -> FY2022 | AF52: =YEAR(Tabela2[[#This Row],[Issue2]]) -> 2023
A53: KBISC202303501 | B53: PC130LC-10M0, KOMTRAX ASSY, ANTENA, MALFUNCTION, EQUIPAMENTO NAO COMUNICOU COM O KOMTRAX. | C53: PC130LC-10M0 | D53: B20114 | E53: KOMTRAX | G53: EQUIPAMENTO NAO COMUNICOU COM O KOMTRAX. | I53: 45 | J53: Closed | K53: 44911 | L53: 44981 | M53: 44768 | N53: 44886 | O53: 8A13-10-6100 | P53: ANTENA | Q53: KOMTRAX ASSY | R53: MALFUNCTION | S53: KDB (Plant) (51) | U53: Completed | V53: 44991.532 | W53: MANTOMAC-CHA (213SCA) | X53: KBI (9447) | Y53: 44991 | Z53: EQUIPAMENTO NOVO. MANUTENÇOES EM DIA E EFETUADAS PELO DB. | AA53: Luciana Lumbieri | AB53: 213RSB | AC53: =INDEX('DB Description'!$A$1:$B$23,MATCH(Tabela2[[#This Row],[Filial DB code]],'DB Description'!A:A,),2) -> MANTOMAC-CHA (213SCA) | AD53: =Tabela2[[#This Row],[Issue2]]-Tabela2[[#This Row],[Failure2]] -> 80 | AE53: ="FY"&IF(MONTH(Y53)>=4,YEAR(Y53),YEAR(Y53)-1) -> FY2022 | AF53: =YEAR(Tabela2[[#This Row],[Issue2]]) -> 2023
A54: KBISP202303501 | B54: PC130LC-10M0, ELECTRONIC CONTROLLER, Controller, MALFUNCTION, | C54: PC130LC-10M0 | D54: B20060 | E54: D00 - Electric system | F54: Nozzler malfunction | G54: =Tabela2[[#This Row],[Failed Part Name]] -> Controller | I54: 1148 | J54: Plant.QA Approved | K54: 44984 | L54: 44984 | M54: 44701 | N54: 44774 | O54: 7835-51-4001 | P54: Controller | Q54: ELECTRONIC CONTROLLER | R54: MALFUNCTION | S54: KDB (Plant) (51) | T54: KDB - Quality Assurance | U54: In Process | V54: 44991.693 | W54: BAUKO (213SPA) | X54: KBI (9447) | Y54: 44991 | AA54: Gabriel Augusto | AB54: 213ESD | AC54: =INDEX('DB Description'!$A$1:$B$23,MATCH(Tabela2[[#This Row],[Filial DB code]],'DB Description'!A:A,),2) -> Bauko | AD54: =Tabela2[[#This Row],[Issue2]]-Tabela2[[#This Row],[Failure2]] -> 7 | AE54: ="FY"&IF(MONTH(Y54)>=4,YEAR(Y54),YEAR(Y54)-1) -> FY2022 | AF54: =YEAR(Tabela2[[#This Row],[Issue2]]) -> 2023
A55: KBISC202303503 | B55: PC130LC-10M0, ACCESSORY & PARTS, 00000, DEFECTIVE ADJUSTMENT, INSPECAO DE RECEBIMENTO | C55: PC130LC-10M0 | D55: B20204 | G55: INSPECAO DE RECEBIMENTO | I55: 5 | J55: Sub.Submitted | K55: 44984 | M55: 44876 | O55: 000000 | P55: 00000 | Q55: ACCESSORY & PARTS | R55: DEFECTIVE ADJUSTMENT | S55: KDB (Plant) (51) | T55: <Guilherme Augusto Macedo> | U55: In Process | V55: 44992.444 | W55: MANTOMAC-CHA (213SCA) | X55: KBI (9447) | Y55: 44992 | AA55: Luciana Lumbieri | AB55: 213RSB | AC55: =INDEX('DB Description'!$A$1:$B$23,MATCH(Tabela2[[#This Row],[Filial DB code]],'DB Description'!A:A,),2) -> MANTOMAC-CHA (213SCA) | AD55: =Tabela2[[#This Row],[Issue2]]-Tabela2[[#This Row],[Failure2]] -> 8 | AE55: ="FY"&IF(MONTH(Y55)>=4,YEAR(Y55),YEAR(Y55)-1) -> FY2022 | AF55: =YEAR(Tabela2[[#This Row],[Issue2]]) -> 2023
A56: KBISC202303511 | B56: PC130LC-10M0, AIR CONDITIONER, BRACKET, BROKEN, QUEBRA DO SUPORTE DO CONDENSADOR | C56: PC130LC-10M0 | D56: B20163 | E56: 450 - A/C | F56: Condensor support crack | G56: QUEBRA DO SUPORTE DO CONDENSADOR | I56: 326 | J56: Closed | K56: 45005 | M56: 44830 | N56: 44915 | O56: 204-03-72111 | P56: BRACKET | Q56: AIR CONDITIONER | R56: BROKEN | S56: KDB (Plant) (51) | U56: Completed | V56: 45008.471 | W56: MANTOMAC-CHA (213SCA) | X56: KBI (9447) | Y56: 45008 | Z56: EQUIPAMENTO NOVO COM PMP. | AA56: Luciana Lumbieri | AB56: 213RSB | AC56: =INDEX('DB Description'!$A$1:$B$23,MATCH(Tabela2[[#This Row],[Filial DB code]],'DB Description'!A:A,),2) -> MANTOMAC-CHA (213SCA) | AD56: =Tabela2[[#This Row],[Issue2]]-Tabela2[[#This Row],[Failure2]] -> 3 | AE56: ="FY"&IF(MONTH(Y56)>=4,YEAR(Y56),YEAR(Y56)-1) -> FY2022 | AF56: =YEAR(Tabela2[[#This Row],[Issue2]]) -> 2023
A57: KBISC202303512 | B57: PC130LC-10M0, HYDRAULIC CYLINDER, PARAFUSO, BROKEN, QUEBRA DO PARAFUSO DA TRAVA DO CILINDRO | C57: PC130LC-10M0 | D57: B20135 | G57: QUEBRA DO PARAFUSO DA TRAVA DO CILINDRO | I57: 655 | J57: Closed | K57: 45002 | L57: 45005 | M57: 44788 | N57: 44911 | O57: 01010-81435 | P57: PARAFUSO | Q57: HYDRAULIC CYLINDER | R57: BROKEN | S57: KDB (Plant) (51) | U57: Completed | V57: 45008.596 | W57: MANTOMAC-CHA (213SCA) | X57: KBI (9447) | Y57: 45008 | Z57: EQUIPAMENTO NOVO COM APENAS 655 HS. | AA57: Luciana Lumbieri | AB57: 213RSB | AC57: =INDEX('DB Description'!$A$1:$B$23,MATCH(Tabela2[[#This Row],[Filial DB code]],'DB Description'!A:A,),2) -> MANTOMAC-CHA (213SCA) | AD57: =Tabela2[[#This Row],[Issue2]]-Tabela2[[#This Row],[Failure2]] -> 6 | AE57: ="FY"&IF(MONTH(Y57)>=4,YEAR(Y57),YEAR(Y57)-1) -> FY2022 | AF57: =YEAR(Tabela2[[#This Row],[Issue2]]) -> 2023
A58: KBISC202303515 | B58: PC130LC-10M0, FINAL DRIVE, ENGRENAGENS, BROKEN, QUEBRA ENGRENAGENS REDUTOR DESLOCAMENTO | C58: PC130LC-10M0 | D58: B20013 | G58: QUEBRA ENGRENAGENS REDUTOR DESLOCAMENTO | I58: 2179 | J58: Plant.QA Approved | K58: 45014 | M58: 44641 | N58: 44663 | O58: 000000 | P58: ENGRENAGENS | Q58: FINAL DRIVE | R58: BROKEN | S58: KDB (Plant) (51) | T58: KDB - Quality Assurance | U58: In Process | V58: 45014.742 | W58: MANTOMAC-CHA (213SCA) | X58: KBI (9447) | Y58: 45014 | Z58: EQUIPAMENTO COM TODAS AS MANUTENÇOES EM DIA EFETUADAS PELO DB. | AA58: Luciana Lumbieri | AB58: 213RSB | AC58: =INDEX('DB Description'!$A$1:$B$23,MATCH(Tabela2[[#This Row],[Filial DB code]],'DB Description'!A:A,),2) -> MANTOMAC-CHA (213SCA) | AD58: =Tabela2[[#This Row],[Issue2]]-Tabela2[[#This Row],[Failure2]] -> 0 | AE58: ="FY"&IF(MONTH(Y58)>=4,YEAR(Y58),YEAR(Y58)-1) -> FY2022 | AF58: =YEAR(Tabela2[[#This Row],[Issue2]]) -> 2023
A59: KBISP202304506 | B59: PC130LC-10M0, ELECTRONIC CONTROLLER, controller, DEFECTIVE ADJUSTMENT, | C59: PC130LC-10M0 | D59: B20222 | E59: D00 - Electric system | F59: Nozzler malfunction | G59: =Tabela2[[#This Row],[Failed Part Name]] -> controller | I59: 4 | J59: Closed | K59: 45013 | M59: 44894 | O59: 7835-51-4001 | P59: controller | Q59: ELECTRONIC CONTROLLER | R59: DEFECTIVE ADJUSTMENT | S59: KDB (Plant) (51) | U59: Completed | V59: 45025.559 | W59: BAUKO (213SPA) | X59: KBI (9447) | Y59: 45025 | AA59: Gabriel Augusto | AB59: 213ESD | AC59: =INDEX('DB Description'!$A$1:$B$23,MATCH(Tabela2[[#This Row],[Filial DB code]],'DB Description'!A:A,),2) -> Bauko | AD59: =Tabela2[[#This Row],[Issue2]]-Tabela2[[#This Row],[Failure2]] -> 12 | AE59: ="FY"&IF(MONTH(Y59)>=4,YEAR(Y59),YEAR(Y59)-1) -> FY2023 | AF59: =YEAR(Tabela2[[#This Row],[Issue2]]) -> 2023
A60: KBISP202304507 | B60: PC130LC-10M0, ACCESSORY & PARTS, CALÇO DA LANÇA, DEFECTIVE ADJUSTMENT, FOLGA NO CILINDRO DA LANÇA | C60: PC130LC-10M0 | D60: B20116 | E60: 716 - Bucket | F60: Bucket clearance | G60: FOLGA NO CILINDRO DA LANÇA | I60: 850 | J60: Closed | K60: 45016 | M60: 44762 | N60: 44797 | O60: 21Y-70-14830 | P60: CALÇO DA LANÇA | Q60: ACCESSORY & PARTS | R60: DEFECTIVE ADJUSTMENT | S60: KDB (Plant) (51) | U60: Completed | V60: 45026.558 | W60: BAUKO (213SPA) | X60: KBI (9447) | Y60: 45026 | AA60: Calvin Lee | AB60: 213SPB | AC60: =INDEX('DB Description'!$A$1:$B$23,MATCH(Tabela2[[#This Row],[Filial DB code]],'DB Description'!A:A,),2) -> Bauko | AD60: =Tabela2[[#This Row],[Issue2]]-Tabela2[[#This Row],[Failure2]] -> 10 | AE60: ="FY"&IF(MONTH(Y60)>=4,YEAR(Y60),YEAR(Y60)-1) -> FY2023 | AF60: =YEAR(Tabela2[[#This Row],[Issue2]]) -> 2023
A61: KBISP202302504 | B61: PC130LC-10M0, ENGINE ASSY, Muffler, MALFUNCTION, | C61: PC130LC-10M0 | D61: B20032 | E61: A1T - Muffler | F61: Abnormal noise on muffler (before countermeasure) | G61: =Tabela2[[#This Row],[Failed Part Name]] -> Muffler | I61: 1063 | J61: Closed | K61: 44965 | L61: 44966 | M61: 44650 | N61: 44781 | O61: 6271-11-5230 | P61: Muffler | Q61: ENGINE ASSY | R61: MALFUNCTION | S61: KDB (Plant) (51) | U61: Completed | V61: 44966.368 | W61: BAUKO (213SPA) | X61: KBI (9447) | Y61: 45027 | Z61: Cliente com todas as revisões feitas em conssecionaria | AA61: Caio Rodrigues | AB61: 213ESD | AC61: =INDEX('DB Description'!$A$1:$B$23,MATCH(Tabela2[[#This Row],[Filial DB code]],'DB Description'!A:A,),2) -> Bauko | AD61: =Tabela2[[#This Row],[Issue2]]-Tabela2[[#This Row],[Failure2]] -> 62 | AE61: ="FY"&IF(MONTH(Y61)>=4,YEAR(Y61),YEAR(Y61)-1) -> FY2023 | AF61: =YEAR(Tabela2[[#This Row],[Issue2]]) -> 2023
A62: KBIPE202304502 | B62: PC130LC-10M0, AIR CONDITIONER, FECHADURA DO SUPORTE DO CONDENSADOR, BROKEN, | C62: PC130LC-10M0 | D62: B20102 | G62: =Tabela2[[#This Row],[Failed Part Name]] -> FECHADURA DO SUPORTE DO CONDENSADOR | I62: 1640 | J62: Closed | K62: 45009 | M62: 44740 | N62: 44748 | O62: 2A3-03-12850 | P62: FECHADURA DO SUPORTE DO CONDENSADOR | Q62: AIR CONDITIONER | R62: BROKEN | S62: KDB (Plant) (51) | U62: Completed | V62: 45028.474 | W62: F.W.MAQUINAS (213PEA) | X62: KBI (9447) | Y62: 45028 | AA62: Adaias Santos | AB62: 213BAB | AC62: =INDEX('DB Description'!$A$1:$B$23,MATCH(Tabela2[[#This Row],[Filial DB code]],'DB Description'!A:A,),2) -> FW | AD62: =Tabela2[[#This Row],[Issue2]]-Tabela2[[#This Row],[Failure2]] -> 19 | AE62: ="FY"&IF(MONTH(Y62)>=4,YEAR(Y62),YEAR(Y62)-1) -> FY2023 | AF62: =YEAR(Tabela2[[#This Row],[Issue2]]) -> 2023
A63: KBISP202304511 | B63: PC130LC-10M0, BATTERY, BATTERY, DEFECTIVE ADJUSTMENT, LIMPEZA DOS POLOS ELÉTRICOS | C63: PC130LC-10M0 | D63: B20054 | E63: D00 - Electric system | F63: Wiring harness | G63: LIMPEZA DOS POLOS ELÉTRICOS | I63: 342 | J63: Closed | K63: 45034 | L63: 45034 | M63: 44679 | O63: 21K-06-B7160 | P63: BATTERY | Q63: BATTERY | R63: DEFECTIVE ADJUSTMENT | S63: KDB (Plant) (51) | U63: Completed | V63: 45034.709 | W63: BAUKO (213SPA) | X63: KBI (9447) | Y63: 45035 | AA63: Calvin Lee | AB63: 213SPB | AC63: =INDEX('DB Description'!$A$1:$B$23,MATCH(Tabela2[[#This Row],[Filial DB code]],'DB Description'!A:A,),2) -> Bauko | AD63: =Tabela2[[#This Row],[Issue2]]-Tabela2[[#This Row],[Failure2]] -> 1 | AE63: ="FY"&IF(MONTH(Y63)>=4,YEAR(Y63),YEAR(Y63)-1) -> FY2023 | AF63: =YEAR(Tabela2[[#This Row],[Issue2]]) -> 2023
A64: KBIMN202304500 | B64: PC130LC-10M0, OTHERS, CONTROLLER, PUMP, MALFUNCTION, | C64: PC130LC-10M0 | D64: B20064 | E64: DA0 - Electronic controller | F64: Pump controller | I64: 14019 | J64: Closed | K64: 44901 | M64: 44701 | N64: 44749 | O64: 7835-51-4001 | P64: CONTROLLER, PUMP | Q64: OTHERS | R64: MALFUNCTION | S64: KDB (Plant) (51) | U64: Completed | V64: 45040.731 | W64: MASON NORTH (213PAE) | X64: KBI (9447) | Y64: 45040 | AA64: Ewelllin Borges | AB64: 213PAE | AC64: =INDEX('DB Description'!$A$1:$B$23,MATCH(Tabela2[[#This Row],[Filial DB code]],'DB Description'!A:A,),2) -> Mason | AD64: =Tabela2[[#This Row],[Issue2]]-Tabela2[[#This Row],[Failure2]] -> 139 | AE64: ="FY"&IF(MONTH(Y64)>=4,YEAR(Y64),YEAR(Y64)-1) -> FY2023 | AF64: =YEAR(Tabela2[[#This Row],[Issue2]]) -> 2023
A65: KBIMN202304502 | B65: PC130LC-10M0, OTHERS, CONTROLLER, PUMP, MALFUNCTION, controlaroda da BOMBA | C65: PC130LC-10M0 | D65: B20096 | E65: DA0 - Electronic controller | F65: Pump controller | G65: controlaroda da BOMBA | I65: 452 | J65: Closed | K65: 44844 | M65: 44734 | N65: 44754 | O65: 7835-51-4001 | P65: CONTROLLER, PUMP | Q65: OTHERS | R65: MALFUNCTION | S65: KDB (Plant) (51) | U65: Completed | V65: 45040.744 | W65: MASON NORTH (213PAE) | X65: KBI (9447) | Y65: 45040 | AA65: Ewelllin Borges | AB65: 213PAE | AC65: =INDEX('DB Description'!$A$1:$B$23,MATCH(Tabela2[[#This Row],[Filial DB code]],'DB Description'!A:A,),2) -> Mason | AD65: =Tabela2[[#This Row],[Issue2]]-Tabela2[[#This Row],[Failure2]] -> 196 | AE65: ="FY"&IF(MONTH(Y65)>=4,YEAR(Y65),YEAR(Y65)-1) -> FY2023 | AF65: =YEAR(Tabela2[[#This Row],[Issue2]]) -> 2023
A66: KBISP202304521 | B66: PC130LC-10M0, BUCKET(H/E BACKHOE), BUCKET, BROKEN, | C66: PC130LC-10M0 | D66: B20023 | E66: 716 - Bucket | F66: Bucket crack | I66: 2106 | J66: Closed | K66: 45044 | M66: 44643 | N66: 44664 | O66: 203-79-B2010 | P66: BUCKET | Q66: BUCKET(H/E BACKHOE) | R66: BROKEN | S66: KDB (Plant) (51) | U66: Completed | V66: 45044.445 | W66: BAUKO (213SPA) | X66: KBI (9447) | Y66: 45044 | AA66: Caio Rodrigues | AB66: 213ESD | AC66: =INDEX('DB Description'!$A$1:$B$23,MATCH(Tabela2[[#This Row],[Filial DB code]],'DB Description'!A:A,),2) -> Bauko | AD66: =Tabela2[[#This Row],[Issue2]]-Tabela2[[#This Row],[Failure2]] -> 0 | AE66: ="FY"&IF(MONTH(Y66)>=4,YEAR(Y66),YEAR(Y66)-1) -> FY2023 | AF66: =YEAR(Tabela2[[#This Row],[Issue2]]) -> 2023
A67: KBISC202305500 | B67: PC130LC-10M0, FUEL TANK GROUP, ORING, ENTER/LEAKS, VAZAMENTO DE DIESEL PELO SEPARADOR | C67: PC130LC-10M0 | D67: B20114 | E67: A00 - Engine | F67: Diesel leak | G67: VAZAMENTO DE DIESEL PELO SEPARADOR | I67: 478 | J67: Closed | K67: 45034 | L67: 45034 | M67: 44768 | N67: 44886 | O67: 600-311-9490 | P67: ORING | Q67: FUEL TANK GROUP | R67: ENTER/LEAKS | S67: KDB (Plant) (51) | U67: Completed | V67: 45048.673 | W67: MANTOMAC-CHA (213SCA) | X67: KBI (9447) | Y67: 45048 | Z67: EQUIPAMENTO COM AS MANUTENÇOES EM DIA EFETUADAS PELO DB. | AA67: Luciana Lumbieri | AB67: 213RSB | AC67: =INDEX('DB Description'!$A$1:$B$23,MATCH(Tabela2[[#This Row],[Filial DB code]],'DB Description'!A:A,),2) -> MANTOMAC-CHA (213SCA) | AD67: =Tabela2[[#This Row],[Issue2]]-Tabela2[[#This Row],[Failure2]] -> 14 | AE67: ="FY"&IF(MONTH(Y67)>=4,YEAR(Y67),YEAR(Y67)-1) -> FY2023 | AF67: =YEAR(Tabela2[[#This Row],[Issue2]]) -> 2023
A68: KBISP202305501 | B68: PC130LC-10M0, OTHERS, CONJUNTO ESTEIRA, DEFECTIVE APPEARANCE, | C68: PC130LC-10M0 | D68: B20092 | E68: 301 - Track frame | F68: Track abnormal noise | I68: 614 | J68: Plant.QA Approved | K68: 45041 | M68: 44734 | N68: 44817 | O68: 203-32-02482 | P68: CONJUNTO ESTEIRA | Q68: OTHERS | R68: DEFECTIVE APPEARANCE | S68: KDB (Plant) (51) | T68: KDB - Quality Assurance | U68: Pending Request | V68: 45048.702 | W68: BAUKO (213SPA) | X68: KBI (9447) | Y68: 45048 | AA68: Luis Siqueira | AB68: 213SPA | AC68: =INDEX('DB Description'!$A$1:$B$23,MATCH(Tabela2[[#This Row],[Filial DB code]],'DB Description'!A:A,),2) -> Bauko | AD68: =Tabela2[[#This Row],[Issue2]]-Tabela2[[#This Row],[Failure2]] -> 7 | AE68: ="FY"&IF(MONTH(Y68)>=4,YEAR(Y68),YEAR(Y68)-1) -> FY2023 | AF68: =YEAR(Tabela2[[#This Row],[Issue2]]) -> 2023
A69: KBISP202305510 | B69: PC130LC-10M0, ACCESSORY & PARTS, ESPAÇADOR, DEFECTIVE APPEARANCE, | C69: PC130LC-10M0 | D69: B20225 | E69: 716 - Bucket | F69: Bucket clearance | I69: 5 | J69: Closed | K69: 45054 | M69: 44900 | O69: 21Y-70-14170 | P69: ESPAÇADOR | Q69: ACCESSORY & PARTS | R69: DEFECTIVE APPEARANCE | S69: KDB (Plant) (51) | U69: Completed | V69: 45072.636 | W69: BAUKO (213SPA) | X69: KBI (9447) | Y69: 45072 | AA69: Luis Siqueira | AB69: 213SPA | AC69: =INDEX('DB Description'!$A$1:$B$23,MATCH(Tabela2[[#This Row],[Filial DB code]],'DB Description'!A:A,),2) -> Bauko | AD69: =Tabela2[[#This Row],[Issue2]]-Tabela2[[#This Row],[Failure2]] -> 18 | AE69: ="FY"&IF(MONTH(Y69)>=4,YEAR(Y69),YEAR(Y69)-1) -> FY2023 | AF69: =YEAR(Tabela2[[#This Row],[Issue2]]) -> 2023
A70: KBIMB202305502 | B70: PC130LC-10M0, HYDRAULIC TANK, CONJUNTO DE VALVULE, INTERFERENCE, CODIGO DE FALHA DKR2NX | C70: PC130LC-10M0 | D70: B20046 | E70: 602 - Hydraulic filter | G70: CODIGO DE FALHA DKR2NX | I70: 2343 | J70: Closed | K70: 44951 | M70: 44671 | N70: 44680 | O70: 729-17-21000 | P70: CONJUNTO DE VALVULE | Q70: HYDRAULIC TANK | R70: INTERFERENCE | S70: KDB (Plant) (51) | U70: Completed | V70: 45061.74 | W70: Mason (213I) | X70: KBI (9447) | Y70: 45076 | AA70: Marcos Amaral | AB70: 213I | AC70: =INDEX('DB Description'!$A$1:$B$23,MATCH(Tabela2[[#This Row],[Filial DB code]],'DB Description'!A:A,),2) -> Mason | AD70: =Tabela2[[#This Row],[Issue2]]-Tabela2[[#This Row],[Failure2]] -> 125 | AE70: ="FY"&IF(MONTH(Y70)>=4,YEAR(Y70),YEAR(Y70)-1) -> FY2023 | AF70: =YEAR(Tabela2[[#This Row],[Issue2]]) -> 2023
A71: KBIMB202306500 | B71: PC130LC-10M0, ARM, O-RING, MALFUNCTION, VAZAMENTO HIDRAULICO | C71: PC130LC-10M0 | D71: B20085 | E71: D00 - Electric system | F71: Sensor | G71: VAZAMENTO HIDRAULICO | I71: 2070 | J71: Closed | K71: 45072 | L71: 45072 | M71: 44725 | N71: 44763 | O71: 02896-11018 | P71: O-RING | Q71: ARM | R71: MALFUNCTION | S71: KDB (Plant) (51) | U71: Completed | V71: 45078.644 | W71: Mason (213I) | X71: KBI (9447) | Y71: 45078 | Z71: Equipamento testado e liberado para operação | AA71: Marcos Amaral | AB71: 213I | AC71: =INDEX('DB Description'!$A$1:$B$23,MATCH(Tabela2[[#This Row],[Filial DB code]],'DB Description'!A:A,),2) -> Mason | AD71: =Tabela2[[#This Row],[Issue2]]-Tabela2[[#This Row],[Failure2]] -> 6 | AE71: ="FY"&IF(MONTH(Y71)>=4,YEAR(Y71),YEAR(Y71)-1) -> FY2023 | AF71: =YEAR(Tabela2[[#This Row],[Issue2]]) -> 2023
A72: KBIPR202306501 | B72: PC130LC-10M0, ACCESSORY & PARTS, VIDRO, DEFECTIVE ADJUSTMENT, VIDRO LATERAL DA CABINE DESCOLANDO | C72: PC130LC-10M0 | D72: B20152 | E72: 551 - Operator's Cab | F72: Glass | G72: VIDRO LATERAL DA CABINE DESCOLANDO | I72: 97 | J72: Closed | K72: 45071 | M72: 44804 | N72: 44907 | O72: 20Y-53-11841 | P72: VIDRO | Q72: ACCESSORY & PARTS | R72: DEFECTIVE ADJUSTMENT | S72: KDB (Plant) (51) | U72: Completed | V72: 45078.629 | W72: VIANMAQ (213PRB) | X72: KBI (9447) | Y72: 45078 | Z72: O RECOMENDAÇÃO QUE PASSAMOS PARA O CLIENTE, QUE IRIAMOS PROVIDECIAR A SOLUÇÃO DO PROBLEMA O MAIS BREVE POSSIVEL, ANTES QUE O VIDRO VENHA A SE SOLTAR POR INTEIRO. O CLIENTE DEMOSTROU BASTANTE INSATISFEITO DEVIDO O EQUIPAMENTO TER POUCAS HORAS DE USO, E JA APRESENTAR O PROBLEMA. ALEGA ESTAR COM SERVIÇOS A SEREM EXECUTADOS, E NÃO PODE POR INSEGURANÇA DO VIDRO SE SOLTAR DE VEZ. O CLIENTE ADQUIRIU A PRIMEIRA MAQUINA E COM PERPECTIVAS E ADQUIRIR OUTRA. POSSUI CONTRATO DE MMK 1000 HRS. JA SOLICITAMOS UMA EMPRESA ESPECIALIZADA EM VIDROS, PARA REALIZAR A REMOÇÃO DO VIDRO E REALIZAR NOVA ADIÇÃO DE COLA PARA FIXAR O VIDRO LATERAL, PARA ELIMINAR ENTRADA DE POEIRA E AGUA EVITANDO ASSIM UM PROBLEMA MAIOR. | AA72: Neia Sene | AB72: 213PRB | AC72: =INDEX('DB Description'!$A$1:$B$23,MATCH(Tabela2[[#This Row],[Filial DB code]],'DB Description'!A:A,),2) -> Vianmaq | AD72: =Tabela2[[#This Row],[Issue2]]-Tabela2[[#This Row],[Failure2]] -> 7 | AE72: ="FY"&IF(MONTH(Y72)>=4,YEAR(Y72),YEAR(Y72)-1) -> FY2023 | AF72: =YEAR(Tabela2[[#This Row],[Issue2]]) -> 2023
A73: KBISP202306506 | B73: PC130LC-10M0, AIR CONDITIONER, SUPORTE, BROKEN, QUEBRA DO SUPORTE DO CONDENSADOR | C73: PC130LC-10M0 | D73: B20158 | E73: 450 - A/C | F73: Condensor support crack | G73: QUEBRA DO SUPORTE DO CONDENSADOR | I73: 383 | J73: Closed | K73: 45091 | M73: 44819 | N73: 45029 | O73: 204-03-72111 | P73: SUPORTE | Q73: AIR CONDITIONER | R73: BROKEN | S73: KDB (Plant) (51) | U73: Completed | V73: 45092.378 | W73: BAUKO (213SPA) | X73: KBI (9447) | Y73: 45092 | AA73: Calvin Lee | AB73: 213SPB | AC73: =INDEX('DB Description'!$A$1:$B$23,MATCH(Tabela2[[#This Row],[Filial DB code]],'DB Description'!A:A,),2) -> Bauko | AD73: =Tabela2[[#This Row],[Issue2]]-Tabela2[[#This Row],[Failure2]] -> 1 | AE73: ="FY"&IF(MONTH(Y73)>=4,YEAR(Y73),YEAR(Y73)-1) -> FY2023 | AF73: =YEAR(Tabela2[[#This Row],[Issue2]]) -> 2023
A74: KBIPE202306501 | B74: PC130LC-10M0, REVOLVING FRAME,COUNTER WEIGHT, CHASSI DA MAQUINA, DEFECTIVE ADJUSTMENT, | C74: PC130LC-10M0 | D74: B20251 | E74: 000 - Machine | F74: Painting | I74: 3.3 | J74: Plant.QA Approved | K74: 45093 | M74: 44985 | O74: 204-46-B1110 | P74: CHASSI DA MAQUINA | Q74: REVOLVING FRAME,COUNTER WEIGHT | R74: DEFECTIVE ADJUSTMENT | S74: KDB (Plant) (51) | T74: KDB - Quality Assurance | U74: In Process | V74: 45093.614 | W74: F.W.MAQUINAS (213PEA) | X74: KBI (9447) | Y74: 45093 | AA74: Adaias Santos | AB74: 213BAB | AC74: =INDEX('DB Description'!$A$1:$B$23,MATCH(Tabela2[[#This Row],[Filial DB code]],'DB Description'!A:A,),2) -> FW | AD74: =Tabela2[[#This Row],[Issue2]]-Tabela2[[#This Row],[Failure2]] -> 0 | AE74: ="FY"&IF(MONTH(Y74)>=4,YEAR(Y74),YEAR(Y74)-1) -> FY2023 | AF74: =YEAR(Tabela2[[#This Row],[Issue2]]) -> 2023
A75: KBIPE202306502 | B75: PC130LC-10M0, REVOLVING FRAME,COUNTER WEIGHT, CHASSI DA MAQUINA, DEFECTIVE ADJUSTMENT, | C75: PC130LC-10M0 | D75: B20231 | E75: 000 - Machine | F75: Painting | I75: 6.1 | J75: Closed | K75: 45093 | M75: 44957 | O75: 204-46-B1110 | P75: CHASSI DA MAQUINA | Q75: REVOLVING FRAME,COUNTER WEIGHT | R75: DEFECTIVE ADJUSTMENT | S75: KDB (Plant) (51) | U75: Completed | V75: 45093.614 | W75: F.W.MAQUINAS (213PEA) | X75: KBI (9447) | Y75: 45093 | AA75: Adaias Santos | AB75: 213BAB | AC75: =INDEX('DB Description'!$A$1:$B$23,MATCH(Tabela2[[#This Row],[Filial DB code]],'DB Description'!A:A,),2) -> FW | AD75: =Tabela2[[#This Row],[Issue2]]-Tabela2[[#This Row],[Failure2]] -> 0 | AE75: ="FY"&IF(MONTH(Y75)>=4,YEAR(Y75),YEAR(Y75)-1) -> FY2023 | AF75: =YEAR(Tabela2[[#This Row],[Issue2]]) -> 2023
A76: KBIPE202306504 | B76: PC130LC-10M0, WIRING HARNESS, Chicote Elétrico, INTERFERENCE, | C76: PC130LC-10M0 | D76: B20236 | E76: D00 - Electric system | F76: Wiring harness | I76: 20 | J76: Plant.QA Approved | K76: 45081 | M76: 44960 | N76: 45071 | O76: 204-06-72230 | P76: Chicote Elétrico | Q76: WIRING HARNESS | R76: INTERFERENCE | S76: KDB (Plant) (51) | T76: KDB - Quality Assurance | U76: In Process | V76: 45097.499 | W76: F.W.MAQUINAS (213PEA) | X76: KBI (9447) | Y76: 45097 | AA76: Adaias Santos | AB76: 213BAB | AC76: =INDEX('DB Description'!$A$1:$B$23,MATCH(Tabela2[[#This Row],[Filial DB code]],'DB Description'!A:A,),2) -> FW | AD76: =Tabela2[[#This Row],[Issue2]]-Tabela2[[#This Row],[Failure2]] -> 16 | AE76: ="FY"&IF(MONTH(Y76)>=4,YEAR(Y76),YEAR(Y76)-1) -> FY2023 | AF76: =YEAR(Tabela2[[#This Row],[Issue2]]) -> 2023
A77: KBIMB202306528 | B77: PC130LC-10M0, FUEL TANK, Fuel prefilter, WRONG/MISSING PART, Filtro divergente ao catálogo | C77: PC130LC-10M0 | D77: B20048 | E77: 602 - Hydraulic filter | F77: Different filter | G77: Filtro divergente ao catálogo | H77: PC130LC-10M0, FUEL TANK, Fuel prefilter, WRONG/MISSING PART, | I77: 734 | J77: Plant.QA Approved | K77: 45082 | L77: 45083 | M77: 44676 | N77: 44694 | O77: 6271-71-7400 | P77: Fuel prefilter | Q77: FUEL TANK | R77: WRONG/MISSING PART | S77: KDB (Plant) (51) | T77: KDB - Quality Assurance | U77: In Process | V77: 45104.629 | W77: Mason (213I) | X77: KBI (9447) | Y77: 45104 | Z77: Reclamação enviada pela Mason UDI: "A PC130LC-10M0 utiliza o pré-filtro 600-319-4110, parte do conjunto 600-319-4100, parte do conjunto do filtro 6271-71-7400 (motor D95E). A Mason Uberlândia/MG informa que o equipamento PC130LC-10M0 B20049, por algum motivo não monta o filtro correto, apenas dando montagem o filtro 600-319-3610. Esse filtro 600-319-3610 é parte do conjunto do filtro 6754-71-7403 utilizado no D61EX-23M0 (motor D107E). Ou seja, toda vez que o cliente pede o filtro correto conforme o catálogo (600-319-4110), não dá montagem, e o DB precisa atender com o 600-319-3610 para não parar a máquina." | AA77: Aiany Amorim | AB77: 213I | AC77: =INDEX('DB Description'!$A$1:$B$23,MATCH(Tabela2[[#This Row],[Filial DB code]],'DB Description'!A:A,),2) -> Mason | AD77: =Tabela2[[#This Row],[Issue2]]-Tabela2[[#This Row],[Failure2]] -> 22 | AE77: ="FY"&IF(MONTH(Y77)>=4,YEAR(Y77),YEAR(Y77)-1) -> FY2023 | AF77: =YEAR(Tabela2[[#This Row],[Issue2]]) -> 2023
A78: KBISP202307501 | B78: PC130LC-10M0, ENGINE ASSY, MUFLER, MALFUNCTION, MIOLO DO ESCAPAMENTO COM FOLGA INTERNA | C78: PC130LC-10M0 | D78: B20222 | E78: A1T - Muffler | F78: Abnormal noise on muffler (before countermeasure) | G78: MIOLO DO ESCAPAMENTO COM FOLGA INTERNA | I78: 284 | J78: Closed | K78: 45110 | L78: 45110 | M78: 44894 | N78: 45062 | O78: 6271-11-5230 | P78: MUFLER | Q78: ENGINE ASSY | R78: MALFUNCTION | S78: KDB (Plant) (51) | U78: Completed | V78: 45110.628 | W78: BAUKO (213SPA) | X78: KBI (9447) | Y78: 45111 | AA78: Caio Rodrigues | AB78: 213ESD | AC78: =INDEX('DB Description'!$A$1:$B$23,MATCH(Tabela2[[#This Row],[Filial DB code]],'DB Description'!A:A,),2) -> Bauko | AD78: =Tabela2[[#This Row],[Issue2]]-Tabela2[[#This Row],[Failure2]] -> 1 | AE78: ="FY"&IF(MONTH(Y78)>=4,YEAR(Y78),YEAR(Y78)-1) -> FY2023 | AF78: =YEAR(Tabela2[[#This Row],[Issue2]]) -> 2023
A79: KBISP202307502 | B79: PC130LC-10M0, ENGINE ASSY, MUFFLER, MALFUNCTION, MIOLO DO ESCAPAMENTO COM FOLGA INTERNA | C79: PC130LC-10M0 | D79: B20142 | E79: A1T - Muffler | F79: Abnormal noise on muffler (before countermeasure) | G79: MIOLO DO ESCAPAMENTO COM FOLGA INTERNA | I79: 1711 | J79: Closed | K79: 45097 | L79: 45097 | M79: 44796 | N79: 44839 | O79: 6271-11-5230 | P79: MUFFLER | Q79: ENGINE ASSY | R79: MALFUNCTION | S79: KDB (Plant) (51) | U79: Completed | V79: 45111.326 | W79: BAUKO (213SPA) | X79: KBI (9447) | Y79: 45111 | Z79: Cliente com todas as revisões feitas em conssecionaria, | AA79: Caio Rodrigues | AB79: 213ESD | AC79: =INDEX('DB Description'!$A$1:$B$23,MATCH(Tabela2[[#This Row],[Filial DB code]],'DB Description'!A:A,),2) -> Bauko | AD79: =Tabela2[[#This Row],[Issue2]]-Tabela2[[#This Row],[Failure2]] -> 14 | AE79: ="FY"&IF(MONTH(Y79)>=4,YEAR(Y79),YEAR(Y79)-1) -> FY2023 | AF79: =YEAR(Tabela2[[#This Row],[Issue2]]) -> 2023
A80: KBIMB202307509 | B80: PC130LC-10M0, OTHERS, CABEÇOTE DO FILTRO, DEFECTIVE ADJUSTMENT, CABEÇOTE FILTRO INCORRETO | C80: PC130LC-10M0 | D80: B20049 | E80: 602 - Hydraulic filter | F80: Filter cover | G80: CABEÇOTE FILTRO INCORRETO | H80: PC130LC-10M0, FUEL TANK, Fuel prefilter, WRONG/MISSING PART, | I80: 262 | J80: Closed | K80: 44796 | M80: 44673 | N80: 44754 | O80: 6754-71-7201 | P80: CABEÇOTE DO FILTRO | Q80: OTHERS | R80: DEFECTIVE ADJUSTMENT | S80: KDB (Plant) (51) | U80: Completed | V80: 45113.726 | W80: Mason (213I) | X80: KBI (9447) | Y80: 45113 | AA80: Higor Alves | AB80: 213MGC | AC80: =INDEX('DB Description'!$A$1:$B$23,MATCH(Tabela2[[#This Row],[Filial DB code]],'DB Description'!A:A,),2) -> Mason | AD80: =Tabela2[[#This Row],[Issue2]]-Tabela2[[#This Row],[Failure2]] -> 317 | AE80: ="FY"&IF(MONTH(Y80)>=4,YEAR(Y80),YEAR(Y80)-1) -> FY2023 | AF80: =YEAR(Tabela2[[#This Row],[Issue2]]) -> 2023
A81: KBISP202307505 | B81: PC130LC-10M0, BUCKET(H/E BACKHOE), BUCKET, BROKEN, TRINCAS NA CAÇAMBA - SOLDA | C81: PC130LC-10M0 | D81: B20032 | E81: 716 - Bucket | F81: Bucket crack | G81: TRINCAS NA CAÇAMBA - SOLDA | I81: 1717 | J81: Plant.QA Approved | K81: 45113 | M81: 44650 | N81: 44781 | O81: 203-79-B2010 | P81: BUCKET | Q81: BUCKET(H/E BACKHOE) | R81: BROKEN | S81: KDB (Plant) (51) | T81: KDB - Quality Assurance | U81: In Process | V81: 45113.385 | W81: BAUKO (213SPA) | X81: KBI (9447) | Y81: 45113 | Z81: A PEÇA VEIO A FRATURAR POR REDUÇÃO NA ÁREA DE ESFORÇO, PROVENIENTE DA PROPAGAÇÃO DA TRINCA | AA81: Caio Rodrigues | AB81: 213ESD | AC81: =INDEX('DB Description'!$A$1:$B$23,MATCH(Tabela2[[#This Row],[Filial DB code]],'DB Description'!A:A,),2) -> Bauko | AD81: =Tabela2[[#This Row],[Issue2]]-Tabela2[[#This Row],[Failure2]] -> 0 | AE81: ="FY"&IF(MONTH(Y81)>=4,YEAR(Y81),YEAR(Y81)-1) -> FY2023 | AF81: =YEAR(Tabela2[[#This Row],[Issue2]]) -> 2023
A82: KBISP202307506 | B82: PC130LC-10M0, WIRING HARNESS, CHICOTE, BROKEN, FALHA NO CHICOTE DO MOTOR | C82: PC130LC-10M0 | D82: B20116 | E82: D00 - Electric system | F82: Engine wiring | G82: FALHA NO CHICOTE DO MOTOR | I82: 1341 | J82: Closed | K82: 45112 | M82: 44762 | N82: 44797 | O82: 6271-81-8240 | P82: CHICOTE | Q82: WIRING HARNESS | R82: BROKEN | S82: KDB (Plant) (51) | U82: Completed | V82: 45113.678 | W82: BAUKO (213SPA) | X82: KBI (9447) | Y82: 45113 | AA82: Calvin Lee | AB82: 213SPB | AC82: =INDEX('DB Description'!$A$1:$B$23,MATCH(Tabela2[[#This Row],[Filial DB code]],'DB Description'!A:A,),2) -> Bauko | AD82: =Tabela2[[#This Row],[Issue2]]-Tabela2[[#This Row],[Failure2]] -> 1 | AE82: ="FY"&IF(MONTH(Y82)>=4,YEAR(Y82),YEAR(Y82)-1) -> FY2023 | AF82: =YEAR(Tabela2[[#This Row],[Issue2]]) -> 2023
A83: KBISP202307521 | B83: PC130LC-10M0, ENGINE ASSY, Silencioso, MALFUNCTION, Barulho anormal vindo do silencioso | C83: PC130LC-10M0 | D83: B20180 | E83: A1T - Muffler | F83: Abnormal noise on muffler (before countermeasure) | G83: Barulho anormal vindo do silencioso | I83: 226.5 | J83: Sub.Submitted | K83: 45120 | M83: 44848 | O83: 6271-11-5230 | P83: Silencioso | Q83: ENGINE ASSY | R83: MALFUNCTION | S83: KDB (Plant) (51) | T83: Pending Requests | U83: Pending Request | V83: 45131.462 | W83: BAUKO (213SPA) | X83: KBI (9447) | Y83: 45131 | AA83: Gabriel Bonifacio | AB83: 213SPB | AC83: =INDEX('DB Description'!$A$1:$B$23,MATCH(Tabela2[[#This Row],[Filial DB code]],'DB Description'!A:A,),2) -> Bauko | AD83: =Tabela2[[#This Row],[Issue2]]-Tabela2[[#This Row],[Failure2]] -> 11 | AE83: ="FY"&IF(MONTH(Y83)>=4,YEAR(Y83),YEAR(Y83)-1) -> FY2023 | AF83: =YEAR(Tabela2[[#This Row],[Issue2]]) -> 2023
A84: KBISP202307522 | B84: PC130LC-10M0, ARM, ESPAÇADOR, DEFECTIVE APPEARANCE, ESPAÇADORES DO BRAÇO-CAÇAMBA | C84: PC130LC-10M0 | D84: B20259 | E84: 716 - Bucket | F84: Bucket link visual complain | G84: ESPAÇADORES DO BRAÇO-CAÇAMBA | I84: 13 | J84: Closed | K84: 45125 | M84: 45072 | N84: 45125 | O84: 21Y-70-14770 | P84: ESPAÇADOR | Q84: ARM | R84: DEFECTIVE APPEARANCE | S84: KDB (Plant) (51) | U84: Completed | V84: 45133.505 | W84: BAUKO (213SPA) | X84: KBI (9447) | Y84: 45133 | AA84: Luis Siqueira | AB84: 213SPA | AC84: =INDEX('DB Description'!$A$1:$B$23,MATCH(Tabela2[[#This Row],[Filial DB code]],'DB Description'!A:A,),2) -> Bauko | AD84: =Tabela2[[#This Row],[Issue2]]-Tabela2[[#This Row],[Failure2]] -> 8 | AE84: ="FY"&IF(MONTH(Y84)>=4,YEAR(Y84),YEAR(Y84)-1) -> FY2023 | AF84: =YEAR(Tabela2[[#This Row],[Issue2]]) -> 2023
A85: KBISP202307525 | B85: PC130LC-10M0, BUCKET(H/E BACKHOE), PINO, BROKEN, DESGASTE PREMATURO PINO BRAÇO CAÇAMBA | C85: PC130LC-10M0 | D85: B20109 | E85: 714 - Arm | F85: Pin wear | G85: DESGASTE PREMATURO PINO BRAÇO CAÇAMBA | I85: 1560 | J85: Closed | K85: 45133 | M85: 44760 | N85: 44861 | O85: 203-70-44380 | P85: PINO | Q85: BUCKET(H/E BACKHOE) | R85: BROKEN | S85: KDB (Plant) (51) | U85: Completed | V85: 45134.372 | W85: BAUKO (213SPA) | X85: KBI (9447) | Y85: 45134 | Z85: Cliente com todas as revisões feitas em conssecionaria, graxa na especificação correta com aditivo de alta pressão. | AA85: Caio Rodrigues | AB85: 213ESD | AC85: =INDEX('DB Description'!$A$1:$B$23,MATCH(Tabela2[[#This Row],[Filial DB code]],'DB Description'!A:A,),2) -> Bauko | AD85: =Tabela2[[#This Row],[Issue2]]-Tabela2[[#This Row],[Failure2]] -> 1 | AE85: ="FY"&IF(MONTH(Y85)>=4,YEAR(Y85),YEAR(Y85)-1) -> FY2023 | AF85: =YEAR(Tabela2[[#This Row],[Issue2]]) -> 2023
A86: KBIPR202307521 | B86: PC130LC-10M0, ACCESSORY & PARTS, PINO, DEFECTIVE ADJUSTMENT, FOLGA PINO E BUCHA DA LANÇA | C86: PC130LC-10M0 | D86: B20056 | E86: 714 - Arm | F86: Bucket link visual complain | G86: FOLGA PINO E BUCHA DA LANÇA | I86: 1579 | J86: Closed | K86: 45114 | L86: 45126 | M86: 44683 | N86: 44713 | O86: 202-70-61160E | P86: PINO | Q86: ACCESSORY & PARTS | R86: DEFECTIVE ADJUSTMENT | S86: KDB (Plant) (51) | U86: Completed | V86: 45135.417 | W86: VIANMAQ (213PRB) | X86: KBI (9447) | Y86: 45135 | Z86: O cliente com plano de manutenção MMK de até 2000 hrs ativo e possui frota com 03 equipamentos da Komatsu PC130LC. Orientamos ao cliente, a importância de continuar utilizando a graxa conforme recomendação do fabricante e também da utilização de peças originais para conservação do equipamento. | AA86: Neia Sene | AB86: 213PRB | AC86: =INDEX('DB Description'!$A$1:$B$23,MATCH(Tabela2[[#This Row],[Filial DB code]],'DB Description'!A:A,),2) -> Vianmaq | AD86: =Tabela2[[#This Row],[Issue2]]-Tabela2[[#This Row],[Failure2]] -> 21 | AE86: ="FY"&IF(MONTH(Y86)>=4,YEAR(Y86),YEAR(Y86)-1) -> FY2023 | AF86: =YEAR(Tabela2[[#This Row],[Issue2]]) -> 2023
A87: KBIPR202307522 | B87: PC130LC-10M0, ACCESSORY & PARTS, ANEL DE VEDAÇÃO O RING, ENTER/LEAKS, VAZAMENTO DE OLEO NO MOTOR/TROCADOR DE C | C87: PC130LC-10M0 | D87: B20099 | E87: 100 - Engine related parts | F87: Engine heatcooler | G87: VAZAMENTO DE OLEO NO MOTOR/TROCADOR DE C | I87: 241.6 | J87: Closed | K87: 45105 | L87: 45128 | M87: 44739 | N87: 44764 | O87: 07000-72070 | P87: ANEL DE VEDAÇÃO O RING | Q87: ACCESSORY & PARTS | R87: ENTER/LEAKS | S87: KDB (Plant) (51) | U87: Completed | V87: 45135.654 | W87: VIANMAQ (213PRB) | X87: KBI (9447) | Y87: 45135 | Z87: Após sanar a falha do vazamento, o técnico ficou observando o equipamento trabalhar por um período e não ocorreu mais o vazamento. Não foi coletado óleo para analise, e orientamos o Cliente a ficar observando o vazamento e qualquer evidencias de vazamento entrar em contato. É um cliente com uma frota de 03 equipamentos da Komatsu. | AA87: Neia Sene | AB87: 213PRB | AC87: =INDEX('DB Description'!$A$1:$B$23,MATCH(Tabela2[[#This Row],[Filial DB code]],'DB Description'!A:A,),2) -> Vianmaq | AD87: =Tabela2[[#This Row],[Issue2]]-Tabela2[[#This Row],[Failure2]] -> 30 | AE87: ="FY"&IF(MONTH(Y87)>=4,YEAR(Y87),YEAR(Y87)-1) -> FY2023 | AF87: =YEAR(Tabela2[[#This Row],[Issue2]]) -> 2023
A88: KBIPR202308506 | B88: PC130LC-10M0, ACCESSORY & PARTS, PINO, ENTER/LEAKS, PINO E LANÇA NÃO ESTA LUBRIFICANDO | C88: PC130LC-10M0 | D88: B20113 | E88: 711 - Boom | F88: Pin lubrification | G88: PINO E LANÇA NÃO ESTA LUBRIFICANDO | I88: 1262 | J88: Closed | K88: 45125 | M88: 44762 | N88: 44784 | O88: XX | P88: PINO | Q88: ACCESSORY & PARTS | R88: ENTER/LEAKS | S88: KDB (Plant) (51) | U88: Completed | V88: 45146.739 | W88: VIANMAQ (213PRB) | X88: KBI (9447) | Y88: 45146 | Z88: O ideal seria desmontar o componente para verificar o canal de lubrificação. Pois o fato da graxa não passar, pode vir a danificar os componentes internos (bucha e Pino). Não foi coletado óleo para analise, o cliente possui contrato realizado com a Mantomac de ate 2000 hrs. Possui frota de 04 equipamentos da Komatsu , sendo 03 PCC130LC e 01 D61EX-15E0. Espera uma posição sobre a falha e alega que desde que comprou o equipamento o canal de lubrificação não funciona. | AA88: Neia Sene | AB88: 213PRB | AC88: =INDEX('DB Description'!$A$1:$B$23,MATCH(Tabela2[[#This Row],[Filial DB code]],'DB Description'!A:A,),2) -> Vianmaq | AD88: =Tabela2[[#This Row],[Issue2]]-Tabela2[[#This Row],[Failure2]] -> 21 | AE88: ="FY"&IF(MONTH(Y88)>=4,YEAR(Y88),YEAR(Y88)-1) -> FY2023 | AF88: =YEAR(Tabela2[[#This Row],[Issue2]]) -> 2023
A89: KBISP202308517 | B89: PC130LC-10M0, BOOM, PIN, MALFUNCTION, DESGASTE PREMATURO NO PINO LANÇA-BRAÇO | C89: PC130LC-10M0 | D89: B20222 | E89: 711 - Boom | F89: Pin wear | G89: DESGASTE PREMATURO NO PINO LANÇA-BRAÇO | I89: 528 | J89: Closed | K89: 45153 | M89: 44894 | N89: 45062 | O89: 22B-70-22550 | P89: PIN | Q89: BOOM | R89: MALFUNCTION | S89: KDB (Plant) (51) | U89: Completed | V89: 45166.437 | W89: BAUKO (213SPA) | X89: KBI (9447) | Y89: 45166 | Z89: O cliente realizou todas as revisões na concessionária e utilizou graxa Shell Gadus S2 V 220 2. | AA89: Caio Rodrigues | AB89: 213ESD | AC89: =INDEX('DB Description'!$A$1:$B$23,MATCH(Tabela2[[#This Row],[Filial DB code]],'DB Description'!A:A,),2) -> Bauko | AD89: =Tabela2[[#This Row],[Issue2]]-Tabela2[[#This Row],[Failure2]] -> 13 | AE89: ="FY"&IF(MONTH(Y89)>=4,YEAR(Y89),YEAR(Y89)-1) -> FY2023 | AF89: =YEAR(Tabela2[[#This Row],[Issue2]]) -> 2023
A90: KBISP202308521 | B90: PC130LC-10M0, ACCESSORY & PARTS, CHAVE, WRONG/MISSING PART, CHAVE DO EQUIPAMENTO NÃO COMPATÍVEL | C90: PC130LC-10M0 | D90: B20270 | E90: 984 - Acessory / Others | F90: Wrong key delivered | G90: CHAVE DO EQUIPAMENTO NÃO COMPATÍVEL | I90: 47 | J90: Sub.Submitted | K90: 44965 | L90: 44965 | M90: 45092 | O90: TR261434-0001 | P90: CHAVE | Q90: ACCESSORY & PARTS | R90: WRONG/MISSING PART | S90: KDB (Plant) (51) | T90: Pending Requests | U90: Pending Request | V90: 45167.513 | W90: BAUKO (213SPA) | X90: KBI (9447) | Y90: 45167 | AA90: Paulo Dias | AB90: 213SPA | AC90: =INDEX('DB Description'!$A$1:$B$23,MATCH(Tabela2[[#This Row],[Filial DB code]],'DB Description'!A:A,),2) -> Bauko | AD90: =Tabela2[[#This Row],[Issue2]]-Tabela2[[#This Row],[Failure2]] -> 202 | AE90: ="FY"&IF(MONTH(Y90)>=4,YEAR(Y90),YEAR(Y90)-1) -> FY2023 | AF90: =YEAR(Tabela2[[#This Row],[Issue2]]) -> 2023
A91: KBISP202309503 | B91: PC130LC-10M0, ARM, PIPE, WRONG/MISSING PART, FALTA DE COMPONENTES | C91: PC130LC-10M0 | D91: B20283 | E91: 000 - Machine | F91: Missing part | G91: FALTA DE COMPONENTES | I91: 4.9 | J91: Plant.QA Approved | K91: 45173 | M91: 45107 | O91: 22B-70-21640 | P91: PIPE | Q91: ARM | R91: WRONG/MISSING PART | S91: KDB (Plant) (51) | T91: KDB - Quality Assurance | U91: In Process | V91: 45183.363 | W91: BAUKO (213SPA) | X91: KBI (9447) | Y91: 45183 | Z91: Primeira máquina do cliente. | AA91: Caio Rodrigues | AB91: 213ESD | AC91: =INDEX('DB Description'!$A$1:$B$23,MATCH(Tabela2[[#This Row],[Filial DB code]],'DB Description'!A:A,),2) -> Bauko | AD91: =Tabela2[[#This Row],[Issue2]]-Tabela2[[#This Row],[Failure2]] -> 10 | AE91: ="FY"&IF(MONTH(Y91)>=4,YEAR(Y91),YEAR(Y91)-1) -> FY2023 | AF91: =YEAR(Tabela2[[#This Row],[Issue2]]) -> 2023
A92: KBIPR202309508 | B92: PC130LC-10M0, ACCESSORY & PARTS, ANEL O'RING, DEFECTIVE ADJUSTMENT, VAZAMENTO MANGUEIRA DE ALIMENTAÇÃO | C92: PC130LC-10M0 | D92: B20296 | E92: 6A0 - Hydraulic piping | F92: Hose leak | G92: VAZAMENTO MANGUEIRA DE ALIMENTAÇÃO | I92: 17 | J92: Closed | K92: 45173 | L92: 45173 | M92: 45127 | O92: 02896-61018E | P92: ANEL O'RING | Q92: ACCESSORY & PARTS | R92: DEFECTIVE ADJUSTMENT | S92: KDB (Plant) (51) | U92: Completed | V92: 45190.453 | W92: VIANMAQ (213PRB) | X92: KBI (9447) | Y92: 45190 | Z92: Acreditamos que não foi realizado o torque da porca da maquina adequadamente durante a montagem do equipamento na fabrica. Por isso que aconteceu de as mangueiras se soltarem ocasionando o vazamento. Após a substituição foi feito testes e realizado a entrega técnica ao cliente conforme manual de fabrica. | AA92: Neia Sene | AB92: 213PRB | AC92: =INDEX('DB Description'!$A$1:$B$23,MATCH(Tabela2[[#This Row],[Filial DB code]],'DB Description'!A:A,),2) -> Vianmaq | AD92: =Tabela2[[#This Row],[Issue2]]-Tabela2[[#This Row],[Failure2]] -> 17 | AE92: ="FY"&IF(MONTH(Y92)>=4,YEAR(Y92),YEAR(Y92)-1) -> FY2023 | AF92: =YEAR(Tabela2[[#This Row],[Issue2]]) -> 2023
A93: KBIMB202309516 | B93: PC130LC-10M0, AIR CONDITIONER, O-ring, MALFUNCTION, VAZAMENTO LÍQUIDO REFRIGERANTE | C93: PC130LC-10M0 | D93: B20299 | E93: 450 - A/C | F93: Coolant leak | G93: VAZAMENTO LÍQUIDO REFRIGERANTE | I93: 7 | J93: Closed | K93: 45169 | L93: 45170 | M93: 45131 | O93: 20Y-979-3140 | P93: O-ring | Q93: AIR CONDITIONER | R93: MALFUNCTION | S93: KDB (Plant) (51) | U93: Completed | V93: 45194.581 | W93: Mason (213I) | X93: KBI (9447) | Y93: 45194 | Z93: Equipamento liberado para operação. | AA93: Whasterley Silva | AB93: 213I | AC93: =INDEX('DB Description'!$A$1:$B$23,MATCH(Tabela2[[#This Row],[Filial DB code]],'DB Description'!A:A,),2) -> Mason | AD93: =Tabela2[[#This Row],[Issue2]]-Tabela2[[#This Row],[Failure2]] -> 25 | AE93: ="FY"&IF(MONTH(Y93)>=4,YEAR(Y93),YEAR(Y93)-1) -> FY2023 | AF93: =YEAR(Tabela2[[#This Row],[Issue2]]) -> 2023
A94: KBISP202307524 | B94: PC130LC-10M0, BUCKET(H/E BACKHOE), PINO, MALFUNCTION, FOLGA NA CAÇAMBA | C94: PC130LC-10M0 | D94: B20060 | E94: 716 - Bucket | F94: Bucket clearance | G94: FOLGA NA CAÇAMBA | I94: 2028 | J94: Plant.Confirmed | K94: 45133 | M94: 44701 | N94: 44774 | O94: 203-70-44380 | P94: PINO | Q94: BUCKET(H/E BACKHOE) | R94: MALFUNCTION | S94: KDB (Plant) (51) | T94: KDB - Quality Assurance | U94: In Process | V94: 45134.368 | W94: BAUKO (213SPA) | X94: KBI (9447) | Y94: 45196 | Z94: O cliente realizou todas as revisões na concessionária e utilizou graxa à base de sabão de lítio com aditivo de pressão extrema. | AA94: Caio Rodrigues | AB94: 213ESD | AC94: =INDEX('DB Description'!$A$1:$B$23,MATCH(Tabela2[[#This Row],[Filial DB code]],'DB Description'!A:A,),2) -> Bauko | AD94: =Tabela2[[#This Row],[Issue2]]-Tabela2[[#This Row],[Failure2]] -> 63 | AE94: ="FY"&IF(MONTH(Y94)>=4,YEAR(Y94),YEAR(Y94)-1) -> FY2023 | AF94: =YEAR(Tabela2[[#This Row],[Issue2]]) -> 2023
A95: KBISP202307526 | B95: PC130LC-10M0, BUCKET(H/E BACKHOE), PINO, MALFUNCTION, DESGASTE PREMATURO NO PINO DA CAÇAMBA | C95: PC130LC-10M0 | D95: B20162 | E95: 716 - Bucket | F95: Pin wear | G95: DESGASTE PREMATURO NO PINO DA CAÇAMBA | I95: 1727 | J95: Closed | K95: 45133 | L95: 45133 | M95: 44830 | N95: 44861 | O95: 22B-70-22550 | P95: PINO | Q95: BUCKET(H/E BACKHOE) | R95: MALFUNCTION | S95: KDB (Plant) (51) | U95: Completed | V95: 45134.384 | W95: BAUKO (213SPA) | X95: KBI (9447) | Y95: 45196 | Z95: O cliente realizou todas as revisões na concessionária e utilizou graxa à base de sabão de lítio com aditivo de pressão extrema. | AA95: Caio Rodrigues | AB95: 213ESD | AC95: =INDEX('DB Description'!$A$1:$B$23,MATCH(Tabela2[[#This Row],[Filial DB code]],'DB Description'!A:A,),2) -> Bauko | AD95: =Tabela2[[#This Row],[Issue2]]-Tabela2[[#This Row],[Failure2]] -> 63 | AE95: ="FY"&IF(MONTH(Y95)>=4,YEAR(Y95),YEAR(Y95)-1) -> FY2023 | AF95: =YEAR(Tabela2[[#This Row],[Issue2]]) -> 2023
A96: KBISP202309506 | B96: PC130LC-10M0, ARM, PINO, DEFECTIVE ADJUSTMENT, INEFICIÊNCIA NO FUNCIONAMENTO DO BRAÇO | C96: PC130LC-10M0 | D96: B20143 | E96: 711 - Boom | F96: Boom cylinder cover | G96: INEFICIÊNCIA NO FUNCIONAMENTO DO BRAÇO | I96: 759 | J96: Closed | K96: 45110 | L96: 45121 | M96: 44799 | O96: 22B-70-21910 | P96: PINO | Q96: ARM | R96: DEFECTIVE ADJUSTMENT | S96: KDB (Plant) (51) | U96: Completed | V96: 45197.665 | W96: BAUKO (213SPA) | X96: KBI (9447) | Y96: 45197 | AA96: Paulo Dias | AB96: 213SPA | AC96: =INDEX('DB Description'!$A$1:$B$23,MATCH(Tabela2[[#This Row],[Filial DB code]],'DB Description'!A:A,),2) -> Bauko | AD96: =Tabela2[[#This Row],[Issue2]]-Tabela2[[#This Row],[Failure2]] -> 87 | AE96: ="FY"&IF(MONTH(Y96)>=4,YEAR(Y96),YEAR(Y96)-1) -> FY2023 | AF96: =YEAR(Tabela2[[#This Row],[Issue2]]) -> 2023
A97: KBISP202309509 | B97: PC130LC-10M0, ACCESSORY & PARTS, CHAVE, MALFUNCTION, | C97: PC130LC-10M0 | D97: B20283 | E97: 984 - Acessory / Others | F97: Wrong key delivered | I97: 4.7 | J97: Sub.Submitted | K97: 45169 | L97: 45169 | M97: 45107 | N97: 45174 | O97: TR261434-0001 | P97: CHAVE | Q97: ACCESSORY & PARTS | R97: MALFUNCTION | S97: KDB (Plant) (51) | T97: Pending Requests | U97: Pending Request | V97: 45198.698 | W97: BAUKO (213SPA) | X97: KBI (9447) | Y97: 45198 | AA97: Paulo Dias | AB97: 213SPA | AC97: =INDEX('DB Description'!$A$1:$B$23,MATCH(Tabela2[[#This Row],[Filial DB code]],'DB Description'!A:A,),2) -> Bauko | AD97: =Tabela2[[#This Row],[Issue2]]-Tabela2[[#This Row],[Failure2]] -> 29 | AE97: ="FY"&IF(MONTH(Y97)>=4,YEAR(Y97),YEAR(Y97)-1) -> FY2023 | AF97: =YEAR(Tabela2[[#This Row],[Issue2]]) -> 2023
A98: KBISP202310514 | B98: PC130LC-10M0, IDLER, RODA GUIA L.E, BROKEN, FRATURA NA PISTA DE ROLAGEM RODA GUIA | C98: PC130LC-10M0 | D98: B20053 | E98: 303 - Front idler | F98: Front idler crack | G98: FRATURA NA PISTA DE ROLAGEM RODA GUIA | I98: 1461 | J98: Closed | K98: 45189 | M98: 44678 | N98: 44720 | O98: 203-30-B0010 | P98: RODA GUIA L.E | Q98: IDLER | R98: BROKEN | S98: KDB (Plant) (51) | U98: Completed | V98: 45201.656 | W98: BAUKO (213SPA) | X98: KBI (9447) | Y98: 45202 | AA98: Luis Siqueira | AB98: 213SPA | AC98: =INDEX('DB Description'!$A$1:$B$23,MATCH(Tabela2[[#This Row],[Filial DB code]],'DB Description'!A:A,),2) -> Bauko | AD98: =Tabela2[[#This Row],[Issue2]]-Tabela2[[#This Row],[Failure2]] -> 13 | AE98: ="FY"&IF(MONTH(Y98)>=4,YEAR(Y98),YEAR(Y98)-1) -> FY2023 | AF98: =YEAR(Tabela2[[#This Row],[Issue2]]) -> 2023
A99: KBISP202310515 | B99: PC130LC-10M0, AIR CONDITIONER, CONDENSADOR, ENTER/LEAKS, VAZAM. NO CONDENSADOR | C99: PC130LC-10M0 | D99: B20043 | E99: 450 - A/C | F99: Condensor leak | G99: VAZAM. NO CONDENSADOR | I99: 1244 | J99: Closed | K99: 45196 | M99: 44665 | N99: 44698 | O99: 2A5-979-1282 | P99: CONDENSADOR | Q99: AIR CONDITIONER | R99: ENTER/LEAKS | S99: KDB (Plant) (51) | U99: Completed | V99: 45204.438 | W99: BAUKO (213SPA) | X99: KBI (9447) | Y99: 45204 | AA99: Paulo Dias | AB99: 213SPA | AC99: =INDEX('DB Description'!$A$1:$B$23,MATCH(Tabela2[[#This Row],[Filial DB code]],'DB Description'!A:A,),2) -> Bauko | AD99: =Tabela2[[#This Row],[Issue2]]-Tabela2[[#This Row],[Failure2]] -> 8 | AE99: ="FY"&IF(MONTH(Y99)>=4,YEAR(Y99),YEAR(Y99)-1) -> FY2023 | AF99: =YEAR(Tabela2[[#This Row],[Issue2]]) -> 2023
A100: KBISP202310521 | B100: PC130LC-10M0, ENGINE ASSY, TURBINA, MALFUNCTION, RUÍDO DEVIDO DANOS NA HÉLICE DA TURBINA | C100: PC130LC-10M0 | D100: B20255 | E100: A90 - Turbocharger | F100: Turbocharger | G100: RUÍDO DEVIDO DANOS NA HÉLICE DA TURBINA | I100: 520 | J100: Closed | K100: 45191 | L100: 45198 | M100: 45001 | N100: 45119 | O100: 6271-81-8100 | P100: TURBINA | Q100: ENGINE ASSY | R100: MALFUNCTION | S100: KDB (Plant) (51) | U100: Completed | V100: 45205.714 | W100: BAUKO (213SPA) | X100: KBI (9447) | Y100: 45205 | AA100: Paulo Dias | AB100: 213SPA | AC100: =INDEX('DB Description'!$A$1:$B$23,MATCH(Tabela2[[#This Row],[Filial DB code]],'DB Description'!A:A,),2) -> Bauko | AD100: =Tabela2[[#This Row],[Issue2]]-Tabela2[[#This Row],[Failure2]] -> 14 | AE100: ="FY"&IF(MONTH(Y100)>=4,YEAR(Y100),YEAR(Y100)-1) -> FY2023 | AF100: =YEAR(Tabela2[[#This Row],[Issue2]]) -> 2023
...

Sheet hiddenSheet
A1: incident:IfgMPuVM9DpOp4cIMwns92G4DKTpk7FuObboEQiZdIgBEudOO+dWO3n85WCnwPE8JKSWGKojkYYIT5e58gYWyQ==:incidentid=%28Do%20Not%20Modify%29%20TSR&checksumLogicalName=%28Do%20Not%20Modify%29%20Row%20Checksum&modifiedon=%28Do%20Not%20Modify%29%20Modified%20On&kom_casetype=Case%20Type&kom_reportid=Report%20ID&title=Title&elogic_fullmodel=Full%20Model&elogic_serialnumber=Serial%20Number&kom_titlesuffix=Additional%20Failure%20Description&parentcaseid=Parent%20Case&kom_failuresmr=Failure%20SMR&kom_activestage=Active%20Stage&elogic_failuredate=Failure%20Date&kom_machinemanufacturingdate=Machine%20Manufacturing%20Date&kom_deliverydate=Delivery%20Date&kom_failedpartnumber=Failed%20Part%20Number&kom_failedpartname=Failed%20Part%20Name&kom_componentname_new=Component%20Name&kom_phenomenonname_new=Phenomenon%20Name&kom_factoryplant=Plant&kom_currentqueue=Current%20Queue&statuscode=Status%20Reason&createdon=Created%20On&customerid=Distributor&kom_subsidiaryid=Subsidiary&kom_issuedate=Issue%20Date&kom_submitteddate=Submitted%20Date&kom_additionalnotes=Additional%20Notes%28Request%29&primarycontactid=Distributor%20Contact
A2: TSR | B2: TSI | C2: ETSI | D2: 50 point Inspection | E2: Pre-Delivery Inspection | F2: Component Change Out (Before Failure) | G2: Periodic Maintenance
A3: Created | B3: Approved | C3: Sub.Received | D3: Sub.Submitted | E3: Plant.Confirmed | F3: Plant.Replied | G3: Plant.QA Approved | H3: Sub.Confirmed Reply | I3: OEM HQ.Confirmed Reply | J3: Closed
A4: Information Requested | B4: Parts Return Requested | C4: New | D4: Accepted | E4: Researching | F4: Pending Distributor Feedback | G4: Distributor Feedback Provided | H4: Solution Provided | I4: Cancellation Requested | J4: In Process | K4: Pending Request | L4: Additional action | M4: Problem Solved | N4: Information Provided | O4: Completed | P4: Canceled | Q4: Merged | R4: Rejected - Non-Komatsu Part | S4: Rejected - Incorrect Use of Equipment | T4: Rejected - Duplicate | U4: Disapproved
